dataset,family,n,main_direction_cosine_mean,main_direction_cosine_std,initial_gradient_cosine_min,maxeig_A1_minus_local_max,maxeig_local_minus_le2_max,maxeig_le2_minus_QFIM_max,A1_rank_mean,A1_trace_ratio_to_QFIM_mean,A1_trace_ratio_to_QFIM_std,A1_direction_cosine_to_QNG_mean,A1_direction_cosine_to_QNG_std,local_rank_mean,local_trace_ratio_to_QFIM_mean,local_trace_ratio_to_QFIM_std,local_direction_cosine_to_QNG_mean,local_direction_cosine_to_QNG_std,le2_rank_mean,le2_trace_ratio_to_QFIM_mean,le2_trace_ratio_to_QFIM_std,le2_direction_cosine_to_QNG_mean,le2_direction_cosine_to_QNG_std
breast_cancer,ryrz_cz,20,0.6155507369294161,0.21162833989337637,0.9999999999999998,1.3223999567812546e-15,5.490313375713441e-17,-1.6519521865256567e-09,4.0,0.07967427117251995,0.013286445333924552,0.20736176134798523,0.32400512664506775,23.65,0.48393239464703736,0.034720810606776134,0.3299517559888798,0.4309891549164044,29.45,0.6178285143761556,0.03370016588737048,0.6155507369294161,0.21162833989337637
breast_cancer,su2_cnot,20,0.39074186375746983,0.22740224157552913,0.9999999999999998,1.986191610429043e-15,1.8695030172282472e-16,1.6658372679806425e-15,4.0,0.04646921355177422,0.009669621144015358,0.3848803896248506,0.18009383424748154,24.0,0.15106541936853649,0.01687813679169465,0.3528802285123053,0.17786402895537426,44.0,0.34014196879343817,0.026497206781392762,0.39074186375746983,0.22740224157552913
breast_cancer,su2_haar,20,0.6887347450146567,0.251722978625027,0.9999999999999998,3.3058438554126324e-16,2.2166605070139643e-16,1.5777054707367178e-15,4.0,0.02590844955288444,0.008323162224473333,0.3442676534957938,0.12836264355495822,24.0,0.12765342434886112,0.023240695411956537,0.3713735578999886,0.11359391136325483,48.0,0.262675073147772,0.028460294648741183,0.6887347450146567,0.251722978625027
breast_cancer,u1_rzxy,20,0.8582629521881687,0.1453834336408786,1.0,1.5637470767091073e-15,7.424441337515353e-06,1.5058348199349353e-15,3.95,0.009181630140496645,0.0011534196867416116,0.7287973020851763,0.19852023704230493,18.15,0.33728294412631177,0.06165798235674792,0.8531335179983301,0.14613219725245155,19.7,0.3438155530971212,0.06292749699307222,0.8582629521881687,0.1453834336408786
digits01,ryrz_cz,20,0.6222022578456842,0.18313457295766875,0.9999999999999998,5.925883105925412e-16,7.826816344974962e-17,-4.1363292943808284e-10,4.0,0.08381479761357073,0.01675016238847042,0.3686938603562229,0.3251606940078299,23.6,0.5026381624540333,0.03987167943589349,0.46163810984820036,0.3923013887250551,29.35,0.6373218658860166,0.027930493131175498,0.6222022578456842,0.18313457295766875
digits01,su2_cnot,20,0.39691009668347377,0.21367911992346134,0.9999999999999998,5.983874930716515e-16,2.234644725666795e-16,2.0814653616204764e-15,4.0,0.04218299546744991,0.005903795684961576,0.19516155741959343,0.17665888070084834,24.0,0.16921867473617774,0.011839359659778323,0.2035358278864114,0.18834952642117112,44.0,0.35959918277088765,0.020340214070355363,0.39691009668347377,0.21367911992346134
digits01,su2_haar,20,0.6684882894757574,0.171559993627841,0.9999999999999998,3.316678345612415e-16,2.4314363827180044e-16,1.828257856291442e-15,4.0,0.025870999683146045,0.008566388631853734,0.2227947891185201,0.11050594256573433,24.0,0.1268420076903207,0.032708933379027014,0.2555238042362874,0.15769910559014833,48.0,0.26239585818789735,0.042458950059575236,0.6684882894757574,0.171559993627841
digits01,u1_rzxy,20,0.9316698948516191,0.06140216211054648,0.9999999999999998,4.575042117700304e-16,5.947434779047211e-06,1.6440955181736273e-15,3.85,0.00954240937928489,0.0012889802102163358,0.802964974294522,0.15063301643192195,18.0,0.32873473551612964,0.04127217072722604,0.9290104188887147,0.06313280551560493,19.4,0.33554887744767836,0.040908319472917676,0.9316698948516191,0.06140216211054648
iris01,ryrz_cz,20,0.6685424002594023,0.20429761490294085,0.9999999999999998,8.38700063791934e-16,9.744581348405479e-13,2.366905631569953e-13,3.9,0.08158205353943607,0.010878004950090456,0.4111278944450169,0.2213918660926003,20.4,0.4520802968355736,0.03415287479564703,0.4910399473072733,0.29568545157659637,26.85,0.5872249950883626,0.0412971975647229,0.6685424002594023,0.20429761490294085
iris01,su2_cnot,20,0.467814618364392,0.27386347586350585,1.0,2.3923554421041146e-15,3.454715034922429e-16,2.054441397572959e-15,4.0,0.05407982589785458,0.0037040525013641097,0.3439004497407979,0.27287318329525706,24.0,0.12879901844295588,0.01649622007887722,0.34426110144030575,0.2868061598380256,42.0,0.2977946277601343,0.014015530216472553,0.467814618364392,0.27386347586350585
iris01,su2_haar,20,0.6351471166192939,0.1569901845103618,0.9999999999999998,4.649188912770656e-16,3.2047880909877074e-16,3.071202416616938e-15,4.0,0.026861235433747237,0.007805937459805661,0.2674866185886758,0.10424430867877431,23.9,0.13148243260761566,0.02814309002634157,0.29580823963189684,0.16163927435163628,42.0,0.2677143713603403,0.03237309393213831,0.6351471166192939,0.1569901845103618
iris01,u1_rzxy,20,0.9120498269088987,0.08313732372783125,0.9999999999999998,1.2000183659529331e-15,7.793419271006087e-06,1.5191627874338908e-15,3.65,0.00878346871416087,0.0020066798357084676,0.8142567554277133,0.11844211923043173,16.85,0.4156644783635822,0.04309991389954482,0.9054599671906549,0.0817733770447876,18.8,0.4258543998417431,0.04068660181875143,0.9120498269088987,0.08313732372783125
wine01,ryrz_cz,20,0.6485453974066565,0.21469617146234923,0.9999999999999998,9.43004378078611e-16,1.1533243944602908e-16,-1.8763884605760264e-09,4.0,0.0807622622823339,0.009294669044984084,0.3929527866975601,0.2482578175967972,23.75,0.4718503081815846,0.023632280838230095,0.548319833195235,0.30138161570347444,29.3,0.589072180411185,0.027152225276848626,0.6485453974066565,0.21469617146234923
wine01,su2_cnot,20,0.427471321173109,0.17049483595016104,0.9999999999999998,6.804744325724221e-16,2.6532363959167206e-16,1.7393610635636818e-15,4.0,0.048946408858610055,0.005061620248563987,0.37445956501178995,0.1777966106021334,24.0,0.14371383708878072,0.010922205951926644,0.31665958577332304,0.1758843903883238,44.0,0.3438647036792652,0.011882148462924595,0.427471321173109,0.17049483595016104
wine01,su2_haar,20,0.7102065691370726,0.1576306213195886,0.9999999999999998,3.7916342776358604e-16,2.189156446801836e-16,1.8317335450356917e-15,4.0,0.026266352967577615,0.007801236265485093,0.42118693090374026,0.10647910812681446,24.0,0.12951782568896253,0.02117814978440687,0.46083670731806825,0.1207173921166052,48.0,0.266545448679656,0.026971369305754136,0.7102065691370726,0.1576306213195886
wine01,u1_rzxy,20,0.9209522567837917,0.09054410741900511,0.9999999999999998,6.798414226916212e-16,8.706148278849681e-06,1.5403127691789217e-15,4.0,0.009446516444222995,0.0011361882374871244,0.76968785841164,0.17372196518195102,17.65,0.3412643220689314,0.057232900496387414,0.9180152249454816,0.09259289328082877,19.6,0.34850299458104217,0.05814126829433093,0.9209522567837917,0.09054410741900511
