dataset,family,method,n,test_loss_mean,test_loss_std,test_acc_mean,test_acc_std,train_loss_mean,total_seconds_mean,first_g_dot_d_mean,first_actual_decrease_mean
breast_cancer,ryrz_cz,AQNG-Z0,20,0.8484019346889763,0.3183357639945774,0.7166666666666667,0.1432700798822758,0.8068001322880756,9.8422034534,1.2432432302456924,0.10734802042050214
breast_cancer,ryrz_cz,AQNG-aligned,20,0.8068923296385406,0.26416585443519874,0.7166666666666667,0.16736694986296652,0.7522046213144045,9.847562291750002,2.0595813280949846,0.1553152249585066
breast_cancer,ryrz_cz,AQNG-physical,20,0.7894956001029103,0.23182468924486146,0.7033333333333334,0.15366858848743067,0.7821079962610208,9.85259712885,1.5827584126508247,0.12409257448832993
breast_cancer,ryrz_cz,AQNG-random,20,0.7714926480507024,0.18370787226906612,0.74,0.10350579835157868,0.6971442007796973,9.869315620649996,3.1074323938460275,0.22582974491294155
breast_cancer,ryrz_cz,Adam,20,0.8144750685237643,0.07577455638016474,0.6533333333333333,0.10052493799000692,0.6996890912194026,0.4563332392499987,2.564242000168135,0.1639100918736863
breast_cancer,ryrz_cz,Block-QNG,20,0.6803291481399041,0.13498544866568468,0.8200000000000001,0.07828572648165331,0.6883417681336726,2.8672312301000007,2.3295229314533357,0.1460062708907416
breast_cancer,ryrz_cz,Full-QNG,20,0.6700518459778853,0.14652899246375561,0.79,0.08725843849003546,0.7484824311784944,50.86607795944999,1.8110140318591825,0.11067670983242621
breast_cancer,ryrz_cz,SGD,20,0.7396172387028199,0.12136889760887175,0.7266666666666667,0.11424811411549592,0.6662082686277445,0.4508175394000077,3.104546900993434,0.3319331736375213
breast_cancer,su2_cnot,AQNG-Z0,20,0.8079084910086752,0.1610433653302066,0.6966666666666667,0.1091701820781241,0.7246481387747087,15.7249939033,3.8494876155811126,0.32810178757524733
breast_cancer,su2_cnot,AQNG-aligned,20,0.7643713072601671,0.13018437397433624,0.7166666666666667,0.09642741111341263,0.6953139685275364,15.741359937200002,4.39266719257701,0.3288062679572458
breast_cancer,su2_cnot,AQNG-physical,20,0.8065250742967873,0.1637232183744543,0.6933333333333334,0.10236958612665527,0.7479188564428293,15.6907419218,3.603808116916567,0.30364181836294357
breast_cancer,su2_cnot,AQNG-random,20,0.7916040211446328,0.12576971839510162,0.7033333333333334,0.09041813201173333,0.6842947703358806,15.837486921150003,5.378260539973146,0.36527752660081847
breast_cancer,su2_cnot,Adam,20,0.7667530888539592,0.09186832817160885,0.72,0.08812537586498585,0.8255173115239588,0.5307448787999902,2.9716130617345513,0.1963317907551714
breast_cancer,su2_cnot,Block-QNG,20,0.6475191529866633,0.05196479954035924,0.8033333333333333,0.059136080554867826,0.82940836559723,5.580025566649994,1.9808433753257801,0.12283439171488142
breast_cancer,su2_cnot,Full-QNG,20,0.7015518491943386,0.0667775779416105,0.7533333333333333,0.08678803916836735,0.6765038694565663,204.0466021856,2.6773050631879283,0.18022124839458653
breast_cancer,su2_cnot,SGD,20,0.6669592522037233,0.04337989411298848,0.74,0.08624729845756374,0.6682822254614441,0.5931950533500029,2.411259034409089,0.2529109892383859
breast_cancer,su2_haar,AQNG-Z0,20,0.8760486884575484,0.10087958099825863,0.6466666666666667,0.10618311448233937,0.7631612943127694,15.141321027450005,4.738922911054138,0.23857529414031578
breast_cancer,su2_haar,AQNG-aligned,20,0.8619720659768559,0.11576814349180552,0.6633333333333333,0.12699864160990165,0.7383552277788927,15.114643869750006,4.8947489537298905,0.25984857426314556
breast_cancer,su2_haar,AQNG-physical,20,0.8984295279714095,0.13326790831124796,0.6399999999999999,0.11727909432167472,0.7589925105999766,15.204830825350001,4.074435490016073,0.20495325254983646
breast_cancer,su2_haar,AQNG-random,20,0.8523767141559422,0.11960841427886361,0.6599999999999999,0.10574160273850401,0.7437442896601804,15.160366656349998,5.30291003049619,0.28810356655502445
breast_cancer,su2_haar,Adam,20,0.8558140882865537,0.1454629083148689,0.6799999999999999,0.12349680962803894,0.7548590868176305,0.8244764791500032,3.7569198338330763,0.2119632504287027
breast_cancer,su2_haar,Block-QNG,20,0.9458079111677226,0.15017902259271954,0.6133333333333333,0.17651599003161755,0.924420453074806,11.25966401419999,1.1332119040319473,0.06777519958264458
breast_cancer,su2_haar,Full-QNG,20,0.9471452146306006,0.17752366531185163,0.6166666666666666,0.13658320087124154,0.9164949240218394,211.08834525425,1.67993091696177,0.09711109917189648
breast_cancer,su2_haar,SGD,20,0.9136530081527339,0.13997627103024082,0.62,0.1758521441671586,0.884530006606898,0.8277137855000021,0.91594843716047,0.08964904756306803
breast_cancer,u1_rzxy,AQNG-Z0,20,2.6511292021431325,0.03401507883625834,0.3333333333333333,0.0,2.4738982679709287,7.685092790199998,0.001131544162551101,7.452782486376292e-05
breast_cancer,u1_rzxy,AQNG-aligned,20,2.6584737956484674,0.009627395301995882,0.3333333333333333,0.0,2.4810619760850763,7.707455876550003,0.0017438779802746538,0.0001103900204595148
breast_cancer,u1_rzxy,AQNG-physical,20,2.659893304984709,0.008052637260125855,0.3333333333333333,0.0,2.4823544977315217,7.693726254599999,0.0016744983842129594,0.00010625690892775391
breast_cancer,u1_rzxy,AQNG-random,20,2.5623923908055266,0.25892898979962453,0.3333333333333333,0.0,2.3899894212417037,7.699134311199998,0.011323724717461571,0.0007933551109414617
breast_cancer,u1_rzxy,Adam,20,2.039294553983915,0.4557910861907675,0.3466666666666666,0.046390158262563964,1.9053143224913895,0.3511891488499984,0.04222477997537767,0.0036774192443718946
breast_cancer,u1_rzxy,Block-QNG,20,2.6355282367218926,0.02384444183005411,0.3333333333333333,0.0,2.459582050423481,4.431733528300003,0.00579320034098821,0.0003644280684550738
breast_cancer,u1_rzxy,Full-QNG,20,2.6578080311932823,0.009527427756444695,0.3333333333333333,0.0,2.4804173419609596,132.0459710326,0.002524455156847914,0.000155340446876894
breast_cancer,u1_rzxy,SGD,20,2.6631611689256847,0.003109913323644831,0.3333333333333333,0.0,2.4855898560314715,0.3253246538999974,0.0006587484173353496,6.649427995361474e-05
digits01,ryrz_cz,AQNG-Z0,20,0.8523188216788811,0.20672607789189465,0.6633333333333333,0.15366858848743062,0.741611979250296,9.16376747505,0.7539022034688133,0.06253472704733307
digits01,ryrz_cz,AQNG-aligned,20,0.6664575572082242,0.10390177121397993,0.75,0.13311385444653773,0.5499346724550432,9.1497669585,1.5818532885482033,0.16340746408992374
digits01,ryrz_cz,AQNG-physical,20,0.7400460315380107,0.17318481293037477,0.76,0.14084124860970781,0.6574231211011512,9.11952713885,0.7972229920680128,0.07415322596642368
digits01,ryrz_cz,AQNG-random,20,0.6812915903631682,0.12657447787655107,0.73,0.10700603907098337,0.5393848895344217,9.16676811375,1.5044555688885064,0.14218314772395707
digits01,ryrz_cz,Adam,20,0.7161914417653954,0.1682471914215593,0.7033333333333334,0.10254082056937586,0.5280273177578959,0.41740824419999567,1.5456398787810994,0.11167769534266041
digits01,ryrz_cz,Block-QNG,20,0.689053039498037,0.3042044097904449,0.8133333333333332,0.15686996887391455,0.6374502286011865,2.651164104000002,0.8860376749891685,0.0575049498517259
digits01,ryrz_cz,Full-QNG,20,0.8662970518919548,0.2950422905366889,0.6733333333333333,0.17154270775755912,0.7806207092685175,46.313545426900006,0.6658053509826376,0.0455124121375033
digits01,ryrz_cz,SGD,20,0.5884287353932892,0.12466626754113569,0.7866666666666667,0.07677718959499145,0.45206124137795234,0.4172445765999974,1.2025127318104674,0.14084292749169414
digits01,su2_cnot,AQNG-Z0,20,0.6915004630248007,0.09621071830001475,0.75,0.12211584951084109,0.5418364955897123,17.227412148800003,2.3076943575753486,0.29124560863162813
digits01,su2_cnot,AQNG-aligned,20,0.6441378931997497,0.0960980523795462,0.77,0.08229173606481643,0.4995650735109936,17.312575927250002,3.322956187559896,0.3288750909861714
digits01,su2_cnot,AQNG-physical,20,0.6837962728218864,0.09496364983203698,0.7533333333333333,0.08404955374884582,0.5475461717901159,17.2072542579,2.219963550443944,0.2718537866245461
digits01,su2_cnot,AQNG-random,20,0.5954636944816579,0.07430636440929836,0.7766666666666666,0.07578053878456882,0.44593300403822883,17.324099550000003,3.3864431315781927,0.3168876085270129
digits01,su2_cnot,Adam,20,0.6514295787733457,0.052693866417701754,0.76,0.05883866334387254,0.4825331080586279,0.5711397086999994,1.724345663114839,0.1283785963638192
digits01,su2_cnot,Block-QNG,20,1.0722606048305852,0.16387409323963803,0.5766666666666667,0.08172124921401663,1.0330716275132592,6.150118034599993,0.6471301868189298,0.041651176518126096
digits01,su2_cnot,Full-QNG,20,0.7167239696286231,0.11596492585944664,0.75,0.11002392084403619,0.6208812742189164,214.1743566039,1.1555022843346556,0.08938649554812769
digits01,su2_cnot,SGD,20,0.7900306591976272,0.14554612030508618,0.7033333333333334,0.12134721339540684,0.709086979772773,0.6311561669499867,0.76279698051486,0.08646409481069996
digits01,su2_haar,AQNG-Z0,20,0.6824218763750096,0.1377011175543935,0.7533333333333333,0.1039568061449545,0.5185225518983378,14.881184221900005,4.388291924639144,0.2231201628711083
digits01,su2_haar,AQNG-aligned,20,0.6287722934193625,0.09773318476621913,0.7833333333333334,0.07453559924999303,0.4651862237812282,14.7685448926,4.948679853876717,0.2715836362127511
digits01,su2_haar,AQNG-physical,20,0.690944867838529,0.15377909068836101,0.7533333333333333,0.08944271909999162,0.4992258304741798,14.830306199149996,3.734445831630494,0.20081394197076122
digits01,su2_haar,AQNG-random,20,0.6418281310676659,0.10397461515792375,0.7666666666666667,0.0666666666666667,0.47573541364305016,14.836543506900004,5.581594956148941,0.2978787058386706
digits01,su2_haar,Adam,20,0.6253765817291224,0.1222919290191976,0.7899999999999999,0.09976580764104005,0.480907229986811,0.813816895299999,4.383897757604046,0.24402719156847535
digits01,su2_haar,Block-QNG,20,0.7330192942908893,0.14919060408981835,0.74,0.13490304077135076,0.6340203080840822,10.997183117800002,1.5659686655678933,0.09062897814063305
digits01,su2_haar,Full-QNG,20,0.754930926861817,0.15960429323322417,0.73,0.12882736987174032,0.6101850465384403,202.9199273886,1.7524512529069411,0.09159885913578597
digits01,su2_haar,SGD,20,0.693341663497647,0.13560471926412238,0.7766666666666666,0.11702951094808751,0.5886637766137741,0.812049059250009,1.3841842487074205,0.13424616396606964
digits01,u1_rzxy,AQNG-Z0,20,2.090399384022843,0.1081507877663969,0.4666666666666667,0.0,1.9225625105151494,8.466759749000003,0.0009521267166962032,5.775310728989187e-05
digits01,u1_rzxy,AQNG-aligned,20,2.1112395525192738,0.05648087947542221,0.4666666666666667,0.0,1.9407862914710545,8.482896462949999,0.0015844958664819695,9.969259430414783e-05
digits01,u1_rzxy,AQNG-physical,20,2.112155087558891,0.052839323274464514,0.4666666666666667,0.0,1.9409178953341268,8.494415099950006,0.0015702266518534205,9.884379893069164e-05
digits01,u1_rzxy,AQNG-random,20,2.078259582912753,0.11851517698363725,0.4666666666666667,0.0,1.8970876919711746,8.491144582099999,0.011592733844614084,0.0008979089909767658
digits01,u1_rzxy,Adam,20,1.7874000838533715,0.2555852724065137,0.4666666666666667,0.0,1.5860049022012428,0.3495121916500011,0.03504450858401996,0.002947546697554175
digits01,u1_rzxy,Block-QNG,20,2.1184394692916166,0.011513571476553177,0.4666666666666667,0.0,1.9414046494742128,4.897992440249995,0.005041232014418447,0.0003159881354568516
digits01,u1_rzxy,Full-QNG,20,2.125443089072568,0.011981914519537328,0.4666666666666667,0.0,1.9496564654825956,143.09552672360002,0.00223938455704805,0.00013779537117643563
digits01,u1_rzxy,SGD,20,2.1309709875230647,0.0019929118467390877,0.4666666666666667,0.0,1.953285873772365,0.34959153234999574,0.0005514992984955658,5.560016385441632e-05
iris01,ryrz_cz,AQNG-Z0,20,0.4490393720334948,0.14182797793927496,0.8899999999999999,0.08453519285131694,0.5555863868988389,10.562627844000001,1.2711551132809567,0.09131410275793164
iris01,ryrz_cz,AQNG-aligned,20,0.34707774656110096,0.0720678842759373,0.9233333333333332,0.03262403232863953,0.42605529145352766,10.573147757600001,2.7183751281453405,0.18407576612613924
iris01,ryrz_cz,AQNG-physical,20,0.40008753858106116,0.11387150257351429,0.8966666666666667,0.05061031030108315,0.5065467683959561,10.572830011549993,1.6528230560670796,0.11752844397473698
iris01,ryrz_cz,AQNG-random,20,0.35418109335817893,0.07140583753344136,0.9066666666666666,0.04537046982524797,0.4143421187550292,10.626452868899994,3.2178068598168688,0.20227525273054492
iris01,ryrz_cz,Adam,20,0.3335372423683752,0.04755827735034874,0.9199999999999999,0.027359422722270738,0.4498578016463252,0.4656959005000004,2.9672573070280515,0.1759464100176508
iris01,ryrz_cz,Block-QNG,20,0.3186549972551542,0.04156345083684041,0.9266666666666665,0.02051956704170304,0.6373164603635899,3.0561836936999898,2.8884801823198245,0.1705468688138812
iris01,ryrz_cz,Full-QNG,20,0.4077004668955575,0.10267657047617737,0.8833333333333332,0.05671308728156001,0.6668214618352521,52.706374119100005,1.7512948536626083,0.10514133697564057
iris01,ryrz_cz,SGD,20,0.3163564689551626,0.04023551750491568,0.9233333333333332,0.02442316990216818,0.5317234980795637,0.4652057056999965,3.848908847822776,0.3646109452650727
iris01,su2_cnot,AQNG-Z0,20,0.3398723380601943,0.09093473341239174,0.9066666666666666,0.06631486122064531,0.3478282008639405,16.681489479999996,5.215340432930027,0.3187566297912697
iris01,su2_cnot,AQNG-aligned,20,0.3532432718215989,0.06450883856199793,0.9099999999999999,0.05833959866102801,0.3550138776480637,16.691641657399995,5.974891434391994,0.35331760260145556
iris01,su2_cnot,AQNG-physical,20,0.35620778843560297,0.06871941918863424,0.9033333333333333,0.045755516076883926,0.35745049812828317,16.66009949795,4.894495377746141,0.29785057062153153
iris01,su2_cnot,AQNG-random,20,0.3621301763406336,0.0993057401232883,0.89,0.06933265856621716,0.3515800652719909,16.678611172249997,8.040613043406104,0.4883511855128174
iris01,su2_cnot,Adam,20,0.39215940204081157,0.09555078038186349,0.86,0.08349107876844164,0.37431967285063383,0.5651438557999967,3.0864126941751318,0.19538785394612745
iris01,su2_cnot,Block-QNG,20,0.500748151733328,0.12616289680498985,0.7933333333333333,0.10122062060216643,0.4778903038605978,5.981373222750003,2.2764109201246905,0.13621891109559475
iris01,su2_cnot,Full-QNG,20,0.4359901947093826,0.2059349287352511,0.86,0.11627754656965077,0.42144932594316903,216.69424964595,3.6748448674780354,0.21246018501528402
iris01,su2_cnot,SGD,20,0.3925632340052993,0.09164475294061676,0.8400000000000001,0.06631486122064532,0.37678041240526905,0.6268515320000034,2.5204738857029065,0.24291146647787382
iris01,su2_haar,AQNG-Z0,20,0.2778819807737361,0.10745418216860836,0.9566666666666667,0.05833959866102805,0.2848188034450698,14.274227713799998,4.505889548225684,0.2503836528856331
iris01,su2_haar,AQNG-aligned,20,0.23878180817781686,0.08402232195141722,0.9733333333333333,0.04537046982524804,0.23987528375956604,14.26017724785,5.642833031114249,0.32956959175197803
iris01,su2_haar,AQNG-physical,20,0.26206514738695647,0.09047077667791187,0.9733333333333333,0.045370469825248054,0.2717123020689371,14.339475134899999,3.9158698756955403,0.22140910122821866
iris01,su2_haar,AQNG-random,20,0.24327123095068134,0.09953503370719724,0.9666666666666666,0.045883146774112336,0.2379033172171361,14.257378737649997,6.504342182952608,0.37069796468487437
iris01,su2_haar,Adam,20,0.25700676651412646,0.06848678631004358,0.9633333333333333,0.04032035458862,0.26259282774455794,0.8031750871000056,5.32673384809867,0.30470039102816837
iris01,su2_haar,Block-QNG,20,0.44950679820846595,0.1414459618028318,0.9199999999999999,0.07677718959499144,0.44170557294503643,10.653630747100005,2.231360742237801,0.13225623707976006
iris01,su2_haar,Full-QNG,20,0.41634701665775753,0.18192712074579237,0.9233333333333332,0.08725843849003544,0.4227379412874098,208.63426413890002,1.9682387488141988,0.10356049442136608
iris01,su2_haar,SGD,20,0.3688610626736211,0.12501238105401513,0.9433333333333334,0.06587246227787227,0.3600218698710324,0.8060059412500025,2.055279066352216,0.20033305961119713
iris01,u1_rzxy,AQNG-Z0,20,2.1260665543464254,0.018413037686143066,0.4666666666666667,0.0,1.9489918480383441,8.817166974150004,0.0005492881998626082,3.490520574603526e-05
iris01,u1_rzxy,AQNG-aligned,20,2.127764962443124,0.008913968385188332,0.4666666666666667,0.0,1.950922576338322,8.83852960775,0.0013686591028709482,8.29238599511961e-05
iris01,u1_rzxy,AQNG-physical,20,2.1276872370548974,0.009200872445283724,0.4666666666666667,0.0,1.9508606825027546,8.825591883049999,0.0012565546890016882,7.58252106601939e-05
iris01,u1_rzxy,AQNG-random,20,1.9161388795886527,0.4382408846986206,0.49000000000000005,0.10434983894999016,1.7740206939890508,8.8423823954,0.01984279827386516,0.0018196943097905215
iris01,u1_rzxy,Adam,20,1.1124239459372331,0.31959703165740005,0.4666666666666667,0.0,1.0868743559895107,0.362677915100005,0.036378649058415834,0.0031218742348461696
iris01,u1_rzxy,Block-QNG,20,2.1164264507491266,0.012950141968841498,0.4666666666666667,0.0,1.9401405817059836,5.06348710985,0.0049483297092238285,0.0003101695288314007
iris01,u1_rzxy,Full-QNG,20,2.1275681587258823,0.007291245791946217,0.4666666666666667,0.0,1.950593980278476,141.4689354228,0.002036385570595203,0.00012450457321305666
iris01,u1_rzxy,SGD,20,2.1310071615460444,0.0019897281897066498,0.4666666666666667,0.0,1.9534266685515191,0.3577332913499987,0.0005677747424236787,5.7271238158506385e-05
wine01,ryrz_cz,AQNG-Z0,20,0.5129019499319613,0.2515816284006014,0.8400000000000001,0.13576725871141282,0.6594594513648807,9.7101700031,1.087558298961412,0.076627690014167
wine01,ryrz_cz,AQNG-aligned,20,0.42519047042280117,0.15869578383543997,0.8733333333333333,0.10793110213009753,0.6240027059312775,9.717446396000003,2.4704941876287103,0.16869029988648873
wine01,ryrz_cz,AQNG-physical,20,0.4453776872766939,0.14547264016565695,0.8733333333333333,0.10122062060216644,0.6633003125299257,9.7208858424,1.14787139717835,0.08051123129316382
wine01,ryrz_cz,AQNG-random,20,0.41342342653256664,0.12860818879264554,0.8866666666666667,0.08944271909999157,0.6078375443858708,9.71932357595,2.597317114898538,0.18619678209605703
wine01,ryrz_cz,Adam,20,0.3600848414460583,0.07503674622695725,0.8933333333333333,0.06268831279755024,0.5919107641079056,0.4348411222500047,1.9298512399995285,0.11747987037904947
wine01,ryrz_cz,Block-QNG,20,0.41467327265678977,0.13745507687474082,0.85,0.0964274111134126,0.6030169098469891,2.810936661899997,1.1777446287253333,0.07238889157066122
wine01,ryrz_cz,Full-QNG,20,0.5107160635442648,0.1383071228865752,0.7833333333333333,0.08342100651206134,0.6952731227568278,48.80261421030001,1.2056257804634003,0.07300421092347813
wine01,ryrz_cz,SGD,20,0.33306090602186467,0.07192107869087465,0.9266666666666665,0.05681610841511933,0.5559201847172666,0.4322701146499995,1.6565048999688539,0.174367731302937
wine01,su2_cnot,AQNG-Z0,20,0.49823480651370106,0.19699935684212144,0.8699999999999999,0.11940397791330265,0.5570943796835356,14.496574663700002,4.476778712798228,0.29565675199162944
wine01,su2_cnot,AQNG-aligned,20,0.5486807628970486,0.19646155605110655,0.8266666666666665,0.13747939771224502,0.5297086882815781,14.502624415049999,4.993109055038234,0.3281018943317543
wine01,su2_cnot,AQNG-physical,20,0.5350177558409333,0.19478119255568163,0.8433333333333334,0.12846370684597339,0.5583246835855858,14.43775519095,3.969409777353981,0.26239732131681687
wine01,su2_cnot,AQNG-random,20,0.5912112873385131,0.23728592132440804,0.8099999999999999,0.16369276598990837,0.5172295603621657,14.533627990199998,5.6017038702562285,0.3568445712433219
wine01,su2_cnot,Adam,20,0.7429993960660755,0.1780856006103846,0.6933333333333334,0.08759289137757152,0.548523839002037,0.5116321500500035,2.261303754340145,0.1459172341082075
wine01,su2_cnot,Block-QNG,20,0.6749799343924987,0.14537758964974914,0.69,0.07880689256524122,0.6457953062513152,5.234453198950007,1.1216398951204567,0.0687139587057227
wine01,su2_cnot,Full-QNG,20,0.5227169340297207,0.1924334627479554,0.85,0.12773327473170099,0.5254373592709296,194.3271924437,2.047929567974262,0.1341100702843885
wine01,su2_cnot,SGD,20,0.5019094684443708,0.12341619347191381,0.8433333333333334,0.10656793676429524,0.48261607578510607,0.576820221950004,1.3288049613367006,0.13745989021061575
wine01,su2_haar,AQNG-Z0,20,0.7863588456842303,0.15820456884470777,0.7033333333333334,0.1324090772669686,0.672255495673727,15.204208643000005,4.667912364154988,0.21796563406827368
wine01,su2_haar,AQNG-aligned,20,0.8483531258397988,0.16031032061811099,0.63,0.12699864160990157,0.6548817726767787,15.154139313049999,4.636389218442916,0.23124167075607455
wine01,su2_haar,AQNG-physical,20,0.8668918770219827,0.2638352636524582,0.6599999999999999,0.2050816411387517,0.6702345930325121,15.228424770250001,3.9613958397504767,0.1909748878884887
wine01,su2_haar,AQNG-random,20,0.8485159210826378,0.23634677563545595,0.6599999999999999,0.16879344794800374,0.6377146333598523,15.1792956094,5.154796619579865,0.2684756886386395
wine01,su2_haar,Adam,20,0.9274342725285999,0.21620336528206566,0.6399999999999999,0.14084124860970781,0.6568617659170958,0.8105020676999928,3.667642947871046,0.20074939591747726
wine01,su2_haar,Block-QNG,20,1.010108975505929,0.24879234102061873,0.58,0.17849271448103143,0.8008570703526907,11.237245881649999,1.0549634581574856,0.062221974728310016
wine01,su2_haar,Full-QNG,20,0.923858620370174,0.17504688485729974,0.6133333333333333,0.12349680962803895,0.7614100012268007,204.2757663772,1.5626371088724869,0.08458027332052531
wine01,su2_haar,SGD,20,0.9955690598520256,0.2547490981285407,0.6,0.18096557134354563,0.7520787379741429,0.8181455371499993,0.8961933116566163,0.0873098019138239
wine01,u1_rzxy,AQNG-Z0,20,2.1169219809185824,0.05715419519719437,0.4666666666666667,0.0,2.1938311300722098,8.52681945335,0.00029559710021750013,1.822060614005491e-05
wine01,u1_rzxy,AQNG-aligned,20,2.129445715331234,0.004321150856305354,0.4666666666666667,0.0,2.217216453940133,8.559635597000002,0.0010235027078096307,6.362004316217668e-05
wine01,u1_rzxy,AQNG-physical,20,2.129349511103754,0.004893946585289061,0.4666666666666667,0.0,2.2175720080087507,8.514399956699998,0.0009836522328155253,6.118630067246537e-05
wine01,u1_rzxy,AQNG-random,20,2.089000921412934,0.07143132390799613,0.4666666666666667,0.0,2.1728713033990688,8.52368174095,0.009569011256486041,0.0006925431856064884
wine01,u1_rzxy,Adam,20,1.8588456305176897,0.14594325568690902,0.4666666666666667,0.0,1.7972299890087533,0.3752782934000038,0.03924247135725307,0.00343167308924633
wine01,u1_rzxy,Block-QNG,20,2.1134402138100215,0.015109395788739068,0.4666666666666667,0.0,2.2015778277320455,4.905236696400001,0.00512604505829267,0.0003226723898325373
wine01,u1_rzxy,Full-QNG,20,2.128030116252203,0.004521805345122598,0.4666666666666667,0.0,2.216655588993106,143.10726364459998,0.0021200201425394254,0.000130903678834051
wine01,u1_rzxy,SGD,20,2.1306885098978015,0.002313264935504184,0.4666666666666667,0.0,2.21948716130042,0.3505341673500069,0.0005703895583460134,5.756591985564895e-05
