dataset,family,readout_order,method,n,test_loss_mean,test_loss_std,test_acc_mean,test_acc_std,train_loss_mean,total_seconds_mean,first_g_dot_d_mean,first_actual_decrease_mean
digits01,su2_haar,1,AQNG-aligned,5,0.6199218423933959,0.06174642627906495,0.8133333333333332,0.05577733510227173,0.45033220991775263,15.5283895282,3.815153034483592,0.22748276171568996
digits01,su2_haar,1,AQNG-physical,5,0.7345983247413459,0.045826771667714976,0.7466666666666667,0.0730296743340222,0.505516247574212,15.7108574224,3.493849068738636,0.21593762230390193
digits01,su2_haar,1,AQNG-random,5,0.6951246759425057,0.08566325027523221,0.7466666666666667,0.055777335102271744,0.5179856591596078,15.6474163202,4.494607174936773,0.2447487395056928
digits01,su2_haar,1,Full-QNG,5,0.7635942913457247,0.12006304122055968,0.6933333333333334,0.1299572579307862,0.6084956140906963,210.2794357682,1.3571350607447523,0.07457096332382687
digits01,su2_haar,2,AQNG-aligned,5,0.7164810503890262,0.11560478269996517,0.72,0.08692269873603534,0.5292337686274452,14.417225967799999,1.7093609816103796,0.09013621104787137
digits01,su2_haar,2,AQNG-physical,5,0.6836397937492606,0.06626154491182469,0.7733333333333333,0.07601169500660922,0.5338173917604665,14.532405941999997,1.7248223700765393,0.09299722330228118
digits01,su2_haar,2,AQNG-random,5,0.694229623374478,0.0765508786212374,0.7733333333333333,0.059628479399994425,0.5490144855679999,14.466234541,1.853016687296416,0.1042510654787222
digits01,su2_haar,2,Full-QNG,5,0.7635942913457583,0.12006304122062085,0.6933333333333334,0.12995725793078622,0.6084956140907124,214.7874622448,1.357135060744771,0.07457096332382793
digits01,u1_rzxy,1,AQNG-aligned,5,2.0958008215553066,0.07543806707283703,0.4666666666666667,0.0,1.9337846354645016,6.3656671676,0.00128683522710696,7.778352727254259e-05
digits01,u1_rzxy,1,AQNG-physical,5,2.1000936327314412,0.06591407666751692,0.4666666666666667,0.0,1.9367285908367031,6.413816124000003,0.00126716497747288,7.66053074457667e-05
digits01,u1_rzxy,1,AQNG-random,5,2.0253630041535167,0.18106533183264778,0.4666666666666667,0.0,1.8335035353309466,6.3683352996,0.007689322748157801,0.0004865313517127256
digits01,u1_rzxy,1,Full-QNG,5,2.124372553727418,0.005653122963794299,0.4666666666666667,0.0,1.9474785402565886,117.5827664892,0.0035106613473784797,0.000214205058388287
digits01,u1_rzxy,2,AQNG-aligned,5,2.1270882864091947,0.005786949689136713,0.4666666666666667,0.0,1.9505352081432488,9.029400071199998,0.00126586570954064,7.653391896366751e-05
digits01,u1_rzxy,2,AQNG-physical,5,2.1270882748015554,0.005786967729055851,0.4666666666666667,0.0,1.950535202481645,9.039448248,0.00126586554915796,7.653390966078948e-05
digits01,u1_rzxy,2,AQNG-random,5,2.1272879971545238,0.0055391654711732345,0.4666666666666667,0.0,1.9506686534785451,9.089732262199998,0.00127228914981178,7.693187213616202e-05
digits01,u1_rzxy,2,Full-QNG,5,2.124372553727418,0.005653122963794415,0.4666666666666667,0.0,1.9474785402565888,140.4995594474,0.0035106613473784203,0.00021420505838848697
iris01,su2_haar,1,AQNG-aligned,5,0.23734562986065902,0.07141523491870634,0.9733333333333333,0.03651483716701115,0.24109837397881248,16.7860647394,7.04636075495236,0.43627444519650566
iris01,su2_haar,1,AQNG-physical,5,0.2729227960955568,0.08327277586745732,0.9733333333333333,0.03651483716701115,0.2766574749208316,16.853722745800006,4.798508395570092,0.3214851905583186
iris01,su2_haar,1,AQNG-random,5,0.24102699104890918,0.05199510442373169,0.9733333333333333,0.03651483716701112,0.2347670666431995,16.807416776999993,8.198793383623519,0.4806940616987957
iris01,su2_haar,1,Full-QNG,5,0.4638726582561349,0.12396067741110245,0.9066666666666666,0.059628479399994355,0.4117934749255411,220.73621995440004,2.283453100390311,0.1310637546547739
iris01,su2_haar,2,AQNG-aligned,5,0.3614926897562182,0.1237511948180447,0.96,0.059628479399994376,0.3260837983967397,16.962519907599994,2.5722136139886405,0.14643032035169284
iris01,su2_haar,2,AQNG-physical,5,0.3155443311679755,0.07920345659188338,0.9733333333333334,0.05962847939999438,0.30303700055938354,16.9991055452,2.590941231070048,0.14693496398223285
iris01,su2_haar,2,AQNG-random,5,0.27647529822685696,0.06906990390711151,0.9733333333333334,0.05962847939999438,0.2561528173696326,17.0116371186,2.9305411243496673,0.17509840873213833
iris01,su2_haar,2,Full-QNG,5,0.4638726582561349,0.12396067741110248,0.9066666666666666,0.059628479399994355,0.4117934749255411,223.84056808539998,2.283453100390311,0.1310637546547739
iris01,u1_rzxy,1,AQNG-aligned,5,2.122338777803793,0.01371599160583471,0.4666666666666667,0.0,1.9466038496206042,8.001858115399997,0.00289757595799108,0.00017399620607195073
iris01,u1_rzxy,1,AQNG-physical,5,2.1226077106331447,0.01316572812856444,0.4666666666666667,0.0,1.9468132710133201,8.168921057399999,0.0028392469504127,0.00017051196912393373
iris01,u1_rzxy,1,AQNG-random,5,1.6130729371855075,0.569732102712365,0.4666666666666667,0.0,1.5172005023918025,8.017056517,0.02567854870948208,0.00189225449620474
iris01,u1_rzxy,1,Full-QNG,5,2.120848399568528,0.012030179591566052,0.4666666666666667,0.0,1.945219741607439,132.6081452882,0.0039760017937702005,0.00024328202642416
iris01,u1_rzxy,2,AQNG-aligned,5,2.12526853703959,0.008333019375033064,0.4666666666666667,0.0,1.94891861257866,9.077386427599999,0.00277596741376348,0.000167087050588184
iris01,u1_rzxy,2,AQNG-physical,5,2.1252685231156385,0.00833305222070868,0.4666666666666667,0.0,1.9489186031224193,9.061845739799997,0.0027759685273524197,0.0001670870783186948
iris01,u1_rzxy,2,AQNG-random,5,2.1259207510212494,0.006951870792700201,0.4666666666666667,0.0,1.9493714254906211,9.089179588800018,0.00281344747526578,0.00016904333700342068
iris01,u1_rzxy,2,Full-QNG,5,2.1208483995685286,0.012030179591566244,0.4666666666666667,0.0,1.9452197416074395,140.66976539580003,0.0039760017937702005,0.00024328202642405998
