dataset,family,seed,rank,centered_score_dimension,same_record_finite_shot,physical_metric_trace,physical_metric_rank,random_rank_metric_trace,random_rank_metric_rank,aligned_crossfit_metric_trace,aligned_crossfit_metric_rank,physical_vs_random_fro,physical_vs_aligned_fro,paper_tag
wine01,ryrz_cz,8,6,63,False,12.868103736910596,12,4.468017857852657,12,8.860021200917028,12,3.7946195579389035,2.3052780984571206,paper-run-primary-a-wine01-ryrz_cz-s8
wine01,ryrz_cz,19,6,63,False,13.996073253250225,12,4.6981288891217075,12,10.775072728351178,12,3.7736554669938434,2.1354212038539004,paper-run-primary-b-wine01-ryrz_cz-s19
wine01,su2_haar,3,6,63,False,4.370963103228393,12,1.8768133777450946,12,3.2018193034067184,12,1.5197908677779253,1.174967980674523,paper-run-primary-a-wine01-su2_haar-s3
iris01,su2_cnot,0,6,63,False,5.203844211821738,12,2.1819156999782496,12,8.950588469450809,12,2.737955976287139,3.642183674961894,paper-run-primary-a-iris01-su2_cnot-s0
iris01,u1_rzxy,3,5,19,True,19.328892213843254,10,10.439521226564088,10,41.598250583599246,10,9.328996611323104,21.878153269625265,paper-run-finite-iris01-u1_rzxy-q1000-s3
wine01,su2_cnot,5,6,63,False,5.933618247020525,12,3.2256857061970456,12,6.667647731448444,12,2.5707221714042237,1.8944995645994693,paper-run-primary-a-wine01-su2_cnot-s5
iris01,u1_rzxy,1,5,19,True,8.709487155110589,10,2.1228267533830154,10,11.456648876639555,10,4.7984225032952175,2.8187993334600954,paper-run-finite-iris01-u1_rzxy-q1000-s1
iris01,su2_cnot,15,6,63,False,4.913957277622804,12,2.9052702725679294,12,9.854663740347766,12,2.448510584257525,3.649528455139911,paper-run-primary-b-iris01-su2_cnot-s15
breast_cancer,ryrz_cz,17,6,63,False,12.48593586549687,12,4.78473246093738,12,8.671005291504006,12,3.2546249572919135,2.2677528938206417,paper-run-primary-b-breast_cancer-ryrz_cz-s17
iris01,su2_haar,0,6,63,False,5.765465886459586,12,2.453882112173374,12,7.516875145742167,12,2.4266196010668706,2.508743984948203,paper-run-scaling-su2_haar-n6-s0
breast_cancer,su2_haar,18,6,63,False,4.979195228236564,12,2.7691855266309853,12,6.092877476924072,12,1.3990801898397833,1.5182580689881535,paper-run-primary-b-breast_cancer-su2_haar-s18
iris01,u1_rzxy,19,5,19,False,2.122861921643828,10,1.1628924214883232,10,2.1619634282432925,10,0.6843303903381037,0.03932413657668922,paper-run-primary-b-iris01-u1_rzxy-s19
digits01,su2_haar,19,6,63,False,6.1385437710492115,12,3.3141537114003117,12,5.774114125630454,12,1.858569333153402,1.6150644302402901,paper-run-primary-b-digits01-su2_haar-s19
breast_cancer,su2_haar,2,6,63,False,6.156130136041414,12,2.5995583280500565,12,4.848109697350968,12,1.8765784218077661,1.4027669018313424,paper-run-primary-a-breast_cancer-su2_haar-s2
digits01,u1_rzxy,19,5,19,False,1.854253747432419,10,1.2048205754418673,10,1.8680350301704813,10,0.35920425806431167,0.01385114991756298,paper-run-primary-b-digits01-u1_rzxy-s19
iris01,u1_rzxy,3,14,19,False,3.072710050431776,16,2.6134310051355607,16,3.072710059416009,16,0.35641201144759704,9.778889885684578e-09,paper-run-order-iris01-u1_rzxy-r2-s3
iris01,ryrz_cz,12,6,63,False,12.772788800940868,12,3.1589225762780737,12,10.577737618304091,12,4.137765489702501,2.4733678767519804,paper-run-primary-b-iris01-ryrz_cz-s12
breast_cancer,su2_haar,6,6,63,False,3.9431263455420655,12,1.9904949990770788,12,2.901200114815997,12,1.2704296144704217,1.1209427617323806,paper-run-primary-a-breast_cancer-su2_haar-s6
breast_cancer,u1_rzxy,0,5,19,False,1.024077961213072,10,0.28488652261879266,10,1.0293982411581557,10,0.4282604569620315,0.01126637100860453,paper-run-primary-a-breast_cancer-u1_rzxy-s0
digits01,u1_rzxy,2,5,19,True,3.6152125725188213,10,5.359732366708306,10,0.9680220642919184,10,3.4694537949480893,2.745664604263904,paper-run-finite-digits01-u1_rzxy-q10000-s2
iris01,ryrz_cz,8,6,63,False,12.498345012502401,12,3.9200939067534417,12,9.636621443575347,12,4.025943177463873,2.2135945532117076,paper-run-primary-a-iris01-ryrz_cz-s8
breast_cancer,ryrz_cz,7,6,63,False,11.85975142771363,12,5.4600062157403215,12,9.774963789008664,12,2.7875031038731777,1.6208097628731657,paper-run-primary-a-breast_cancer-ryrz_cz-s7
wine01,u1_rzxy,17,5,19,False,1.9503449206005457,10,0.8593635283204749,10,1.942687502123939,10,0.6205262370132372,0.022719143985986588,paper-run-primary-b-wine01-u1_rzxy-s17
iris01,su2_haar,14,6,63,False,4.211233389889432,12,2.6821403572002143,12,4.634450027117812,12,1.567162755733956,2.3111164381540417,paper-run-primary-b-iris01-su2_haar-s14
iris01,u1_rzxy,3,5,19,False,3.022962632935548,10,0.8197103797576167,10,3.0673607795328377,10,1.9652524150237638,0.046593929929698324,paper-run-primary-a-iris01-u1_rzxy-s3
iris01,su2_cnot,3,6,63,False,4.289383551263396,12,2.235937182569507,12,7.355484243094628,12,2.118157093764255,2.660951185024714,paper-run-primary-a-iris01-su2_cnot-s3
iris01,u1_rzxy,1,5,19,False,2.573040460925255,10,0.11626583428033302,10,2.621702838580698,10,2.3004607822125593,0.04933639476262944,paper-run-order-iris01-u1_rzxy-r1-s1
wine01,su2_cnot,19,6,63,False,6.781300904765098,12,2.811496364195045,12,7.616071572562427,12,2.155395229157214,2.184875402581749,paper-run-primary-b-wine01-su2_cnot-s19
iris01,ryrz_cz,2,6,63,False,13.13475332425509,11,2.2797779120148207,12,9.5428107208868,12,4.753207941884213,3.1899750602635533,paper-run-primary-a-iris01-ryrz_cz-s2
digits01,u1_rzxy,3,5,19,True,6.909097056872434,10,2.5911481154925986,10,2.3131414362235754,10,4.206327580150659,4.390400723641285,paper-run-finite-digits01-u1_rzxy-q10000-s3
digits01,ryrz_cz,17,6,63,False,12.188555340918784,12,5.6027486944967,12,6.948178368568455,12,3.141676061767394,3.2129847004676257,paper-run-primary-b-digits01-ryrz_cz-s17
iris01,ryrz_cz,0,6,63,False,9.531733871080792,11,1.2680119160913716,12,9.296020075742,12,3.9433555412798977,2.1467189336108037,paper-run-primary-a-iris01-ryrz_cz-s0
digits01,su2_cnot,16,6,63,False,5.63593703674656,12,3.573133840873326,12,6.529790272314072,12,1.894458129039309,1.8337319174257727,paper-run-primary-b-digits01-su2_cnot-s16
iris01,ryrz_cz,11,6,63,False,12.796394156097941,12,2.8395840256390557,12,10.914545588048245,12,4.276989818144517,2.0556805399408904,paper-run-primary-b-iris01-ryrz_cz-s11
wine01,su2_haar,16,6,63,False,7.436482681235665,12,2.0410664472982245,12,8.876004560503558,12,2.200413466029962,2.1585840085439663,paper-run-primary-b-wine01-su2_haar-s16
wine01,u1_rzxy,18,5,19,False,1.827541314568607,10,0.3641025031230597,10,1.838572840985057,10,1.1034811474298538,0.021706411313013322,paper-run-primary-b-wine01-u1_rzxy-s18
iris01,su2_haar,19,6,63,False,5.756806193983777,12,1.9367358027330464,12,7.595888731685836,12,1.6483706923827441,1.9471126286825926,paper-run-primary-b-iris01-su2_haar-s19
digits01,su2_cnot,1,6,63,False,6.9016440884188155,12,3.697294479195806,12,6.405808637879595,12,2.1566871495700903,1.9265142173091256,paper-run-primary-a-digits01-su2_cnot-s1
digits01,ryrz_cz,9,6,63,False,13.206267858086738,12,4.672454290831454,12,9.629286594968466,12,3.7743950152924124,2.5083837002035385,paper-run-primary-a-digits01-ryrz_cz-s9
breast_cancer,ryrz_cz,5,6,63,False,13.941004358989831,12,5.453453520669104,12,10.124076249264737,12,3.7595464838686667,2.3598865715622255,paper-run-primary-a-breast_cancer-ryrz_cz-s5
digits01,su2_haar,12,6,63,False,5.400859146054159,12,2.743365486008811,12,4.073560491561141,12,1.5913442822334547,1.3662794394435875,paper-run-primary-b-digits01-su2_haar-s12
wine01,su2_cnot,1,6,63,False,6.036990964811858,12,3.223394321925048,12,5.99372638191999,12,2.3747171201170345,2.2823654455306572,paper-run-primary-a-wine01-su2_cnot-s1
digits01,su2_haar,0,6,63,True,5.613590374146553,12,3.1791374036925997,12,5.813896010280976,12,1.7243110442238472,1.8332775920011701,paper-run-finite-digits01-su2_haar-q1000-s0
breast_cancer,su2_cnot,6,6,63,False,4.958741292546517,12,3.8284466540400257,12,5.8230418818841265,12,1.356361035848074,1.4810726787042665,paper-run-primary-a-breast_cancer-su2_cnot-s6
digits01,su2_cnot,0,6,63,False,6.4041435018297665,12,4.702071941297871,12,6.636183573767373,12,2.0593029283315105,1.6726199022219082,paper-run-primary-a-digits01-su2_cnot-s0
iris01,su2_haar,1,6,63,True,7.68477146664352,12,2.684219223186089,12,6.6628177018276755,12,2.262783487090869,1.502510952525868,paper-run-finite-iris01-su2_haar-q1000-s1
iris01,su2_haar,15,6,63,False,6.346043774046391,12,1.891332107031747,12,7.2521154768884175,12,2.216610991831696,1.8694167300473739,paper-run-primary-b-iris01-su2_haar-s15
wine01,ryrz_cz,12,6,63,False,12.564604272090891,12,5.369009637804285,12,7.3488946361683825,12,3.2659146480910692,2.777886796882942,paper-run-primary-b-wine01-ryrz_cz-s12
digits01,ryrz_cz,3,6,63,False,13.912135980357967,12,7.978688161260559,12,8.164838877612267,12,3.2341709140954524,2.936185193579659,paper-run-primary-a-digits01-ryrz_cz-s3
iris01,su2_haar,1,21,63,False,12.494409309185748,40,7.1618353822735,40,12.398769057071341,40,1.905824126494432,0.8702174802236505,paper-run-order-iris01-su2_haar-r2-s1
digits01,su2_haar,4,6,63,True,7.311096602419266,12,2.663013572955472,12,5.900187043644744,12,2.086044514703503,1.4852269982074668,paper-run-finite-digits01-su2_haar-q10000-s4
wine01,su2_haar,9,6,63,False,7.806770612920546,12,2.7564808099678078,12,6.4377348932483,12,2.4951214636701073,1.6653952670673071,paper-run-primary-a-wine01-su2_haar-s9
iris01,u1_rzxy,0,5,19,False,5.672721827124473,10,2.236803898832396,10,5.712297225725035,10,2.6178956026838502,0.04156445435492278,paper-run-depth-u1_rzxy-L5-s0
digits01,u1_rzxy,3,5,19,False,2.3298054889029847,10,0.551599516000264,10,2.3627483416536554,10,1.4006545823106544,0.03500214660745178,paper-run-primary-a-digits01-u1_rzxy-s3
digits01,su2_haar,1,6,63,False,6.208669978848927,12,3.3167895647301235,12,4.844927346298863,12,1.9950870070641142,1.3471380192807723,paper-run-order-digits01-su2_haar-r1-s1
digits01,su2_cnot,12,6,63,False,7.173497116924353,12,4.066982450102501,12,7.148285985420638,12,1.6237335501080334,1.8824141730671444,paper-run-primary-b-digits01-su2_cnot-s12
wine01,ryrz_cz,10,6,63,False,13.43427940138575,12,5.765711655395674,12,9.25755804630063,12,3.3953004202779717,2.5089070118366332,paper-run-primary-b-wine01-ryrz_cz-s10
iris01,su2_haar,2,6,63,False,6.219197067054501,12,2.6722645525132767,12,4.948506039382352,12,2.0973580580131337,1.7787916491522822,paper-run-order-iris01-su2_haar-r1-s2
digits01,su2_cnot,11,6,63,False,6.448819745063314,12,2.5439937269874715,12,5.471022314769335,12,2.042239005592423,1.7374327331905222,paper-run-primary-b-digits01-su2_cnot-s11
breast_cancer,su2_haar,19,6,63,False,6.481131122950211,12,2.611196281279395,12,7.013383439553209,12,1.919119267079796,1.8062630265722355,paper-run-primary-b-breast_cancer-su2_haar-s19
breast_cancer,u1_rzxy,18,5,19,False,2.0711040372016183,10,0.4948189133009638,10,2.0630768666069454,10,1.0839484204558703,0.04101501067359697,paper-run-primary-b-breast_cancer-u1_rzxy-s18
wine01,u1_rzxy,6,5,19,False,1.9665076685453016,10,0.7164317505366733,10,1.9907677525412222,10,0.9211254673299708,0.024543509158978086,paper-run-primary-a-wine01-u1_rzxy-s6
digits01,u1_rzxy,0,5,19,True,1.2947989346575277,10,1.0507511451242704,10,1.2670921067535872,10,0.32881204901112204,0.04812700511347451,paper-run-finite-digits01-u1_rzxy-q10000-s0
iris01,u1_rzxy,14,5,19,False,1.6390489988795593,10,0.7552439570232259,10,1.6684044817797645,10,0.6537870476282513,0.03026746440303778,paper-run-primary-b-iris01-u1_rzxy-s14
wine01,u1_rzxy,4,5,19,False,2.654198350968969,10,0.874000981572749,10,2.7397372177769403,10,1.1739462533651517,0.09130858010675544,paper-run-primary-a-wine01-u1_rzxy-s4
iris01,u1_rzxy,18,5,19,False,3.5172286913726953,10,0.7734010816241159,10,3.540906899338404,10,2.268599077669269,0.02781703980177773,paper-run-primary-b-iris01-u1_rzxy-s18
breast_cancer,u1_rzxy,19,5,19,False,1.9324501055997163,10,1.0176378711612828,10,1.9549232729622412,10,0.6221969579547724,0.02146988124386898,paper-run-primary-b-breast_cancer-u1_rzxy-s19
breast_cancer,su2_haar,1,6,63,False,6.972320242262024,12,2.805217126777024,12,5.430576435037472,12,1.9678339360782098,1.4585200929178626,paper-run-primary-a-breast_cancer-su2_haar-s1
iris01,u1_rzxy,0,5,19,False,3.3628667665667162,10,1.4735585291940019,10,3.3836667267563247,10,1.429520058863813,0.0227664550405733,paper-run-depth-u1_rzxy-L3-s0
breast_cancer,su2_cnot,2,6,63,False,6.353086707415058,12,3.781678829343189,12,7.453582114680749,12,1.9928055127585342,1.8200047994147999,paper-run-primary-a-breast_cancer-su2_cnot-s2
iris01,su2_haar,12,6,63,False,4.564603241036582,12,2.4861195500644278,12,4.771090534570892,12,1.4436819615974863,1.3808373752043288,paper-run-primary-b-iris01-su2_haar-s12
iris01,su2_haar,2,6,63,False,4.004869417709917,10,1.0275289427651135,12,4.602832810137368,12,1.3515605660433554,1.039988637850498,paper-run-depth-su2_haar-L1-s2
iris01,su2_haar,0,10,1023,False,5.803080871984074,16,0.3850376695073328,20,9.13670781708575,20,2.2081075048638024,2.5479886982363076,paper-run-scaling-su2_haar-n10-s0
digits01,u1_rzxy,15,5,19,False,2.7849017436852592,10,1.1116114980339655,10,2.7935481300871436,10,1.1363220380682686,0.013327388423560174,paper-run-primary-b-digits01-u1_rzxy-s15
iris01,u1_rzxy,0,7,69,False,1.9892592018072426,7,0.3938069094763213,7,1.9902959135207776,7,1.0527939548628558,0.001056606954352037,paper-run-scaling-u1_rzxy-n8-s0
breast_cancer,ryrz_cz,6,6,63,False,13.980226054374011,12,5.618142209851589,12,6.6570568843733176,12,3.4611225774804693,3.252011291257643,paper-run-primary-a-breast_cancer-ryrz_cz-s6
breast_cancer,su2_cnot,19,6,63,False,6.7976965833114225,12,3.2654411165443733,12,7.618019452683558,12,2.4809083446005005,1.88186164069691,paper-run-primary-b-breast_cancer-su2_cnot-s19
breast_cancer,ryrz_cz,13,6,63,False,13.236247112240527,12,4.171818980943401,12,9.134665216105251,12,3.952891722330782,2.6378966903051717,paper-run-primary-b-breast_cancer-ryrz_cz-s13
iris01,u1_rzxy,3,7,69,False,2.525907681346011,12,0.5404323442277446,12,2.5259768761488552,13,1.5693671097138941,7.779275503323269e-05,paper-run-scaling-u1_rzxy-n8-s3
breast_cancer,su2_cnot,4,6,63,False,6.270175958294441,12,3.0070290329461353,12,7.210562381663602,12,2.54491955991161,2.255139189276457,paper-run-primary-a-breast_cancer-su2_cnot-s4
breast_cancer,su2_haar,13,6,63,False,5.627536609197854,12,2.2549052888259076,12,5.618606795479854,12,1.7788264063869998,1.2287031160900712,paper-run-primary-b-breast_cancer-su2_haar-s13
digits01,su2_haar,0,6,63,False,5.543705119359919,12,2.9143493227029085,12,5.016201219922895,12,1.7371400571139186,1.5645231565810043,paper-run-order-digits01-su2_haar-r1-s0
breast_cancer,su2_haar,12,6,63,False,5.510478854512131,12,3.3569706751216324,12,4.850488552900362,12,1.7742895326835917,1.287893959707584,paper-run-primary-b-breast_cancer-su2_haar-s12
digits01,u1_rzxy,4,14,19,False,1.8933794244596591,18,1.5746173116826896,18,1.893379414881203,18,0.21508625769329417,8.870966466170996e-09,paper-run-order-digits01-u1_rzxy-r2-s4
iris01,su2_haar,8,6,63,False,4.629768164548185,12,2.3843908719098126,12,6.3219206675093025,12,2.088121680211781,2.2617385284367724,paper-run-primary-a-iris01-su2_haar-s8
digits01,u1_rzxy,1,5,19,True,9.281737601600476,10,1.3999895449522164,10,2.734687726764548,10,6.720674127219461,6.580487133282592,paper-run-finite-digits01-u1_rzxy-q10000-s1
digits01,ryrz_cz,12,6,63,False,14.253011475721049,12,4.413163397986887,12,10.233450460905932,12,4.0691176728145635,2.0317517757601657,paper-run-primary-b-digits01-ryrz_cz-s12
wine01,u1_rzxy,8,5,19,False,1.1087130512728294,10,0.2773253813091726,10,1.1204485249007494,10,0.4677552416304196,0.014837796031356355,paper-run-primary-a-wine01-u1_rzxy-s8
wine01,su2_haar,2,6,63,False,5.701808730678199,12,2.411644782729641,12,3.715921599523878,12,1.5418230355924747,1.331493047678358,paper-run-primary-a-wine01-su2_haar-s2
digits01,su2_cnot,14,6,63,False,7.132247048752651,12,3.6565443273659124,12,5.747596288608704,12,2.7983242361442002,2.510915220167612,paper-run-primary-b-digits01-su2_cnot-s14
wine01,ryrz_cz,9,6,63,False,12.14746720388433,12,4.36167141499987,12,8.431360446902566,12,3.3972838299176256,2.7934907687539043,paper-run-primary-a-wine01-ryrz_cz-s9
iris01,ryrz_cz,7,6,63,False,11.285462775260564,12,3.2442030599846143,12,10.745033687480479,12,3.641257153821557,1.9236038284856636,paper-run-primary-a-iris01-ryrz_cz-s7
digits01,su2_cnot,8,6,63,False,6.9846675207891495,12,4.129420765289691,12,7.378546432308201,12,1.7313246530673978,1.5681612320012035,paper-run-primary-a-digits01-su2_cnot-s8
digits01,u1_rzxy,0,5,19,False,1.1863758438131875,10,0.3353989588386412,10,1.1985248349509292,10,0.49631731971695686,0.029640345958617857,paper-run-order-digits01-u1_rzxy-r1-s0
iris01,u1_rzxy,2,5,19,False,3.1971395743969238,10,0.6436891887173828,10,3.2223896030717603,10,2.2485471806290613,0.026088058210974246,paper-run-scaling-u1_rzxy-n6-s2
iris01,su2_haar,1,8,255,False,7.638609331160963,14,1.173361248572259,16,9.613501666862106,16,2.72606683725887,2.784988121785428,paper-run-scaling-su2_haar-n8-s1
digits01,ryrz_cz,7,6,63,False,14.340738523234744,12,4.912005223584645,12,9.993577092835318,12,3.7314764325457963,2.4757489636298025,paper-run-primary-a-digits01-ryrz_cz-s7
iris01,su2_haar,1,4,15,False,3.517690278474163,8,2.9050161595960033,8,3.701641289186861,8,1.496525164234541,1.198187990810077,paper-run-scaling-su2_haar-n4-s1
wine01,u1_rzxy,14,5,19,False,1.5005519717247275,10,0.6219531568541442,10,1.519346462341311,10,0.4957842381741125,0.018393049901091724,paper-run-primary-b-wine01-u1_rzxy-s14
digits01,su2_haar,4,6,63,False,7.315876927653595,12,2.6445001786573274,12,5.735592043291152,12,2.0883772634578097,1.5177773444341467,paper-run-order-digits01-su2_haar-r1-s4
digits01,ryrz_cz,18,6,63,False,13.707398675042088,12,5.6934207830338135,12,11.837086208108488,12,3.4673369225795154,1.5384227887784656,paper-run-primary-b-digits01-ryrz_cz-s18
wine01,su2_haar,13,6,63,False,6.661710394581108,12,2.353804842155589,12,5.6279282558528045,12,2.0512693078806032,1.5689133370430992,paper-run-primary-b-wine01-su2_haar-s13
digits01,su2_haar,4,21,63,False,12.882101151418308,42,8.142315547448463,42,13.03957262064597,42,1.8313601497485628,1.08675395138727,paper-run-order-digits01-su2_haar-r2-s4
iris01,u1_rzxy,2,5,19,False,1.0265585760718667,8,0.21632271319429489,8,1.0385258167856997,8,0.7225553427078867,0.012074470066438303,paper-run-depth-u1_rzxy-L1-s2
breast_cancer,ryrz_cz,0,6,63,False,12.545316664261573,12,4.266512449319769,12,9.62290659516484,12,3.623612284810324,2.0911117639131915,paper-run-primary-a-breast_cancer-ryrz_cz-s0
wine01,su2_cnot,15,6,63,False,6.272814784354818,12,4.491404777253088,12,6.8406781451637455,12,2.011104745699763,1.7480378668482242,paper-run-primary-b-wine01-su2_cnot-s15
iris01,su2_cnot,13,6,63,False,6.748115005153333,12,2.783084979153018,12,9.910499571560738,12,2.7352225091432345,2.5370105453650202,paper-run-primary-b-iris01-su2_cnot-s13
wine01,su2_haar,17,6,63,False,4.815466800414214,12,2.4767860862620767,12,4.058905135762117,12,1.282382777275677,1.320764184443672,paper-run-primary-b-wine01-su2_haar-s17
digits01,u1_rzxy,10,5,19,False,1.9561076257841286,10,0.8180809590685366,10,1.968557931210302,10,0.8062073419230076,0.021195024924289346,paper-run-primary-b-digits01-u1_rzxy-s10
iris01,su2_haar,2,6,63,False,6.172033880570739,12,4.399813808240088,12,5.683735940996024,12,2.151694095030256,2.432141700968584,paper-run-depth-su2_haar-L5-s2
breast_cancer,su2_cnot,7,6,63,False,5.536571190626942,12,4.3026286157642035,12,5.376896667628155,12,1.4980338623962781,1.7842461756982273,paper-run-primary-a-breast_cancer-su2_cnot-s7
iris01,u1_rzxy,1,14,19,False,2.6263972944998253,17,2.0398091023632814,17,2.6263971670196034,17,0.5487158663274894,1.785892455572523e-07,paper-run-order-iris01-u1_rzxy-r2-s1
digits01,u1_rzxy,7,5,19,False,1.7133370367772278,10,0.8506533219917696,10,1.722278082529895,10,0.49349388304568126,0.012553664287831785,paper-run-primary-a-digits01-u1_rzxy-s7
breast_cancer,u1_rzxy,10,5,19,False,2.6151036600135154,10,0.8972266193874636,10,2.620642615594966,10,1.1540360667963503,0.03347764260979731,paper-run-primary-b-breast_cancer-u1_rzxy-s10
iris01,u1_rzxy,0,5,19,True,3.4289830850722436,10,2.8902850277467036,10,3.423302556237533,10,0.535334513611879,0.024878718551466367,paper-run-finite-iris01-u1_rzxy-q10000-s0
iris01,su2_haar,1,6,63,False,3.53673688851534,10,0.8238221420966728,12,4.668627938871318,12,1.2257030589347748,1.0168458492023607,paper-run-depth-su2_haar-L1-s1
digits01,su2_haar,16,6,63,False,7.089950484318972,12,2.59418271187731,12,7.793579935380608,12,1.9609853386679155,2.5485097587651535,paper-run-primary-b-digits01-su2_haar-s16
wine01,u1_rzxy,9,5,19,False,1.3210500795767617,10,0.3470189179727937,10,1.3391066431011325,10,0.6548863831408651,0.017022143674742918,paper-run-primary-a-wine01-u1_rzxy-s9
iris01,su2_haar,4,6,63,False,6.047986958883992,12,2.522287989047507,12,8.243138133044907,12,2.215575466049064,2.0654881361871813,paper-run-primary-a-iris01-su2_haar-s4
breast_cancer,su2_cnot,10,6,63,False,5.702496598663182,12,2.293305562103111,12,7.035271637697505,12,2.121128416653645,1.7010786996556595,paper-run-primary-b-breast_cancer-su2_cnot-s10
breast_cancer,su2_haar,15,6,63,False,4.457093267718649,12,3.0000526735866235,12,3.77685530578152,12,1.389874129337647,1.1362224363932538,paper-run-primary-b-breast_cancer-su2_haar-s15
wine01,u1_rzxy,3,5,19,False,2.199046670113152,10,0.4991963240703585,10,2.2573853001589366,10,1.4287499005643585,0.06664591674052484,paper-run-primary-a-wine01-u1_rzxy-s3
digits01,su2_cnot,7,6,63,False,7.074791553133235,12,2.4768833652956936,12,7.524914162541576,12,1.9838228061712369,1.7208281323536858,paper-run-primary-a-digits01-su2_cnot-s7
digits01,u1_rzxy,0,14,19,False,1.2374583779050907,18,0.8346924965850631,18,1.2374583764933371,18,0.2773604414567761,3.186247537098469e-09,paper-run-order-digits01-u1_rzxy-r2-s0
iris01,ryrz_cz,18,6,63,False,11.425958778677021,12,2.299035083802839,12,9.820425105154543,12,4.196787089681895,2.678031265844941,paper-run-primary-b-iris01-ryrz_cz-s18
digits01,su2_haar,17,6,63,False,4.914465603928473,12,2.9171373721588307,12,4.769224384160978,12,1.6859258056605066,1.7777370469796177,paper-run-primary-b-digits01-su2_haar-s17
digits01,su2_haar,10,6,63,False,6.704568053516256,12,2.661913448941082,12,4.56285221629142,12,1.909964395798512,1.650727625017028,paper-run-primary-b-digits01-su2_haar-s10
digits01,su2_haar,13,6,63,False,5.863938279018658,12,2.045490929870467,12,4.791178414898413,12,1.9713183713229434,1.8802478889273753,paper-run-primary-b-digits01-su2_haar-s13
iris01,su2_haar,3,6,63,False,4.111061004232572,12,1.6625432241073497,12,3.827588494883326,12,1.546436703786414,1.2668735835776013,paper-run-order-iris01-su2_haar-r1-s3
digits01,su2_haar,2,21,63,False,10.69476782934249,42,7.593269049183073,42,11.035638938080805,42,1.5976785276359227,1.326602656034683,paper-run-order-digits01-su2_haar-r2-s2
breast_cancer,ryrz_cz,15,6,63,False,12.439770036059635,12,3.724515421841543,12,8.352362798252365,12,3.6225278197261788,2.3322662300432357,paper-run-primary-b-breast_cancer-ryrz_cz-s15
breast_cancer,ryrz_cz,4,6,63,False,12.431848091642891,12,3.132191338061869,12,7.034124846134487,12,4.0024000278146525,3.0679797052278337,paper-run-primary-a-breast_cancer-ryrz_cz-s4
breast_cancer,su2_haar,7,6,63,False,5.429006248527155,12,1.9752088914068373,12,3.8677977301930673,12,1.7104820648906032,1.4574752472489085,paper-run-primary-a-breast_cancer-su2_haar-s7
breast_cancer,u1_rzxy,6,5,19,False,0.8168622393111414,10,0.2057989464501534,10,0.8240628336429995,10,0.3269040124211655,0.007703303728366393,paper-run-primary-a-breast_cancer-u1_rzxy-s6
iris01,su2_haar,0,21,63,False,12.45392119031044,40,8.24505257939274,40,14.43622824577167,40,2.3575653348102827,1.5347475566829736,paper-run-order-iris01-su2_haar-r2-s0
wine01,ryrz_cz,14,6,63,False,12.674451985376523,12,7.409011583633829,12,8.885207945516541,12,2.6659240712038383,2.549328781489599,paper-run-primary-b-wine01-ryrz_cz-s14
digits01,u1_rzxy,9,5,19,False,3.319224317551172,10,0.8643020137036188,10,3.361941816058439,10,2.08106079667126,0.04776203068889205,paper-run-primary-a-digits01-u1_rzxy-s9
wine01,ryrz_cz,2,6,63,False,13.809525425037252,12,6.960683768814418,12,10.42991017693492,12,2.976627161716823,2.1644586511731267,paper-run-primary-a-wine01-ryrz_cz-s2
iris01,su2_haar,2,21,63,False,11.255571600045444,40,7.583871902595888,40,11.582850787009392,40,1.7224977453547776,1.10024266007542,paper-run-order-iris01-su2_haar-r2-s2
iris01,su2_haar,9,6,63,False,5.788047884134681,12,2.3875969344827612,12,6.283224367998791,12,1.7454394689657098,1.8471929078930784,paper-run-primary-a-iris01-su2_haar-s9
iris01,su2_haar,3,10,1023,False,5.545743632883081,16,0.38320152094345356,20,7.795409656264671,20,1.937263352467963,2.1658298416860706,paper-run-scaling-su2_haar-n10-s3
breast_cancer,su2_cnot,15,6,63,False,4.419760419574038,12,3.17392314073949,12,4.769808750602932,12,2.057262017740786,1.170020384498154,paper-run-primary-b-breast_cancer-su2_cnot-s15
iris01,su2_cnot,10,6,63,False,5.2444621512804215,12,2.592944349860557,12,11.308905486401637,12,2.803646272642285,4.0961773987464065,paper-run-primary-b-iris01-su2_cnot-s10
digits01,su2_haar,2,6,63,True,6.477827523996979,12,2.5650526086860634,12,4.935818973394331,12,1.8619073517732163,1.4982468263063475,paper-run-finite-digits01-su2_haar-q10000-s2
wine01,ryrz_cz,6,6,63,False,13.387094440364422,12,6.815721252064773,12,8.806354939160942,12,3.0066728562013054,2.5557200231853345,paper-run-primary-a-wine01-ryrz_cz-s6
iris01,su2_haar,3,6,63,False,4.111061004232572,12,1.6625432241073497,12,3.827588494883326,12,1.546436703786414,1.2668735835776013,paper-run-depth-su2_haar-L3-s3
iris01,u1_rzxy,0,5,19,False,3.3628667665667162,10,1.4735585291940019,10,3.3836667267563247,10,1.429520058863813,0.0227664550405733,paper-run-primary-a-iris01-u1_rzxy-s0
iris01,su2_haar,0,6,63,True,6.138037480298265,12,2.514012563793126,12,7.6065879539548416,12,2.563673429857548,2.506989078632637,paper-run-finite-iris01-su2_haar-q1000-s0
wine01,u1_rzxy,10,5,19,False,2.568306649842722,10,0.9119287651070274,10,2.657459733322693,10,1.0192764466483841,0.10273850377783149,paper-run-primary-b-wine01-u1_rzxy-s10
iris01,u1_rzxy,3,5,19,True,7.355561096885082,10,3.452274628578264,10,5.646094645648089,10,4.127609887711579,1.7968633775659126,paper-run-finite-iris01-u1_rzxy-q10000-s3
wine01,ryrz_cz,7,6,63,False,12.906684234731733,12,5.7070198370863015,12,9.986253207016652,12,3.208597874788302,2.2130783324932795,paper-run-primary-a-wine01-ryrz_cz-s7
wine01,ryrz_cz,17,6,63,False,14.16472860033696,12,5.393303191780297,12,8.64771297410453,12,3.686105016684537,2.827377684702894,paper-run-primary-b-wine01-ryrz_cz-s17
wine01,su2_cnot,11,6,63,False,5.907950752740053,12,3.797163766008961,12,4.915889066282969,12,2.0171914476524364,1.9605512028172327,paper-run-primary-b-wine01-su2_cnot-s11
iris01,su2_haar,5,6,63,False,3.287904522084551,12,2.0067134441446326,12,4.190358746915726,12,1.2583034185527728,1.328920104235513,paper-run-primary-a-iris01-su2_haar-s5
breast_cancer,su2_cnot,14,6,63,False,5.252173553650442,12,3.787660813258438,12,6.963332773478857,12,1.6993364683395786,1.817882895432333,paper-run-primary-b-breast_cancer-su2_cnot-s14
digits01,u1_rzxy,2,5,19,False,0.8840721866174541,10,0.27468042779550106,10,0.8890300593655668,10,0.32936935634029474,0.012913148861134144,paper-run-primary-a-digits01-u1_rzxy-s2
breast_cancer,su2_haar,10,6,63,False,4.189416656111681,12,1.7218094426465422,12,3.7941504036485734,12,1.3065330416112624,1.2700381237504326,paper-run-primary-b-breast_cancer-su2_haar-s10
wine01,su2_haar,12,6,63,False,6.104981036462124,12,2.5907483107870632,12,4.182239957134372,12,1.7930572770877027,1.691411743198526,paper-run-primary-b-wine01-su2_haar-s12
iris01,u1_rzxy,4,5,19,True,3.2887058302639582,10,2.4209428068305154,10,3.3215813520348982,10,0.6998626219842541,0.027526866521101225,paper-run-finite-iris01-u1_rzxy-q10000-s4
breast_cancer,su2_cnot,8,6,63,False,5.857515129372647,12,3.524195249200782,12,6.0061410646669895,12,1.673302081626718,1.4506429979862032,paper-run-primary-a-breast_cancer-su2_cnot-s8
wine01,su2_cnot,8,6,63,False,6.8350152182237505,12,4.02591289976454,12,7.455889981066125,12,2.0084190823522032,1.79082481713103,paper-run-primary-a-wine01-su2_cnot-s8
iris01,su2_cnot,1,6,63,False,5.496774646090107,12,2.574125930700608,12,10.295655653438056,12,1.9691798381123635,2.7266648545216623,paper-run-primary-a-iris01-su2_cnot-s1
iris01,su2_haar,2,4,15,False,5.239289969072804,8,4.340060375165807,8,4.760906015002715,8,1.6997424290800034,1.71481227949875,paper-run-scaling-su2_haar-n4-s2
digits01,u1_rzxy,3,5,19,False,2.329805488902995,10,0.5515995160002666,10,2.3627483416536643,10,1.4006545823106622,0.035002146607450775,paper-run-order-digits01-u1_rzxy-r1-s3
iris01,u1_rzxy,13,5,19,False,2.6643397084055276,10,1.2264590921512928,10,2.727360955261835,10,1.2158902136303258,0.06330230359958756,paper-run-primary-b-iris01-u1_rzxy-s13
digits01,su2_cnot,2,6,63,False,6.4371033060557075,12,3.5976325546862267,12,5.942405837420466,12,1.5035409626044551,1.9634879314470517,paper-run-primary-a-digits01-su2_cnot-s2
digits01,u1_rzxy,1,14,19,False,2.5698904361171944,18,2.0663917604844646,18,2.5698904240413762,18,0.40632599326030006,6.449761444739367e-08,paper-run-order-digits01-u1_rzxy-r2-s1
digits01,su2_haar,18,6,63,False,5.497561886920639,12,2.3298915514082505,12,4.664167674032166,12,1.6488951525164097,1.373839168017417,paper-run-primary-b-digits01-su2_haar-s18
digits01,su2_cnot,10,6,63,False,6.746778366445021,12,3.4527345015311357,12,6.686569644563198,12,2.116752451858108,1.5320614404644,paper-run-primary-b-digits01-su2_cnot-s10
iris01,su2_cnot,11,6,63,False,5.682983924173068,12,2.3710431172868955,12,8.034155631141088,12,2.286082607737019,1.9453304620962415,paper-run-primary-b-iris01-su2_cnot-s11
digits01,u1_rzxy,6,5,19,False,2.232952276190795,10,0.6789317869795357,10,2.2821503443620585,10,1.1090696636185287,0.050745599773168455,paper-run-primary-a-digits01-u1_rzxy-s6
digits01,ryrz_cz,14,6,63,False,11.70049447110645,12,6.682126170370696,12,7.270910101814759,12,2.847254079901194,2.9263001099402404,paper-run-primary-b-digits01-ryrz_cz-s14
breast_cancer,su2_haar,8,6,63,False,6.31881472881341,12,2.3346030945636436,12,5.270696708726204,12,1.8954770865899948,1.4933482459432852,paper-run-primary-a-breast_cancer-su2_haar-s8
wine01,su2_cnot,9,6,63,False,5.200523047292323,12,3.3535521455471926,12,5.951451259117097,12,1.6638761683681154,1.6723448935903091,paper-run-primary-a-wine01-su2_cnot-s9
breast_cancer,u1_rzxy,8,5,19,False,0.9046194132963866,10,0.3255724705599502,10,0.9094410437807728,10,0.29106767546309315,0.007029361798188426,paper-run-primary-a-breast_cancer-u1_rzxy-s8
iris01,su2_haar,0,6,63,True,5.776384852462549,12,2.447689475521297,12,7.482097078622977,12,2.425625125615381,2.5200770956660192,paper-run-finite-iris01-su2_haar-q10000-s0
wine01,ryrz_cz,15,6,63,False,10.807774890276978,12,7.366235451301815,12,9.946535769987435,12,1.9669072340659326,1.3931890044661988,paper-run-primary-b-wine01-ryrz_cz-s15
wine01,su2_haar,14,6,63,False,4.427175142435242,12,2.662642271429474,12,3.641302098259737,12,1.3197166612520634,1.528420202914668,paper-run-primary-b-wine01-su2_haar-s14
wine01,su2_cnot,12,6,63,False,5.851593176395837,12,3.7636846501224324,12,5.389043400366306,12,2.0353385675287536,1.5954214471051715,paper-run-primary-b-wine01-su2_cnot-s12
iris01,u1_rzxy,2,5,19,False,3.1971395743969238,10,0.6436891887173828,10,3.2223896030717603,10,2.2485471806290613,0.026088058210974246,paper-run-primary-a-iris01-u1_rzxy-s2
wine01,ryrz_cz,5,6,63,False,12.784708573029965,12,3.463119617664697,12,8.46763065870178,12,4.186555039610904,2.71552372131149,paper-run-primary-a-wine01-ryrz_cz-s5
iris01,su2_haar,4,6,63,False,6.047986958883992,12,2.522287989047507,12,8.243138133044907,12,2.215575466049064,2.0654881361871813,paper-run-order-iris01-su2_haar-r1-s4
iris01,su2_haar,3,6,63,False,4.2550718002681,10,1.033998569598902,12,4.164124004406716,12,1.3174170441105415,0.7449511535089236,paper-run-depth-su2_haar-L1-s3
breast_cancer,u1_rzxy,2,5,19,False,2.404638266323432,10,0.5492018207788844,10,2.4299119385334444,10,1.3769143966108808,0.029302409586458977,paper-run-primary-a-breast_cancer-u1_rzxy-s2
digits01,ryrz_cz,1,6,63,False,12.27815170025106,12,3.946225183438509,12,9.105508614962488,12,3.518108715922304,2.2834471966693264,paper-run-primary-a-digits01-ryrz_cz-s1
iris01,su2_haar,1,6,63,False,6.631372653757855,12,3.282324090862453,12,6.880399184621121,12,2.39841231392302,2.4120888755618286,paper-run-depth-su2_haar-L5-s1
iris01,su2_haar,4,8,255,False,6.887939496966552,14,1.12740636558311,16,9.493570911419816,16,2.8542609701929607,2.3780470897095314,paper-run-scaling-su2_haar-n8-s4
wine01,u1_rzxy,13,5,19,False,1.9072554501578416,10,0.9443792974222812,10,1.9210566546853354,10,0.5828623106782678,0.012410989597346876,paper-run-primary-b-wine01-u1_rzxy-s13
wine01,u1_rzxy,15,5,19,False,1.8068720752289744,10,0.47616819178844777,10,1.8469195939947716,10,0.8317453286856068,0.03641236662115823,paper-run-primary-b-wine01-u1_rzxy-s15
iris01,su2_cnot,14,6,63,False,6.810120330348425,12,2.2686742127540644,12,9.063456687154593,12,3.028528406650186,3.342967253578563,paper-run-primary-b-iris01-su2_cnot-s14
digits01,u1_rzxy,8,5,19,False,0.86882494567408,10,0.3232793121800722,10,0.8780622168121641,10,0.27582583766679214,0.012599641457864776,paper-run-primary-a-digits01-u1_rzxy-s8
digits01,u1_rzxy,1,5,19,True,4.508960096755289,10,2.029639710246283,10,2.3835248218742575,10,1.6669669346159934,1.657239842858998,paper-run-finite-digits01-u1_rzxy-q1000-s1
iris01,su2_haar,10,6,63,False,4.894441588220429,12,1.8662468778493027,12,5.287846401045691,12,1.9826074339592765,1.9664999135056238,paper-run-primary-b-iris01-su2_haar-s10
iris01,u1_rzxy,2,14,19,False,3.224339594881645,14,2.2518416696739942,14,3.2243395945307958,14,0.9194831397474478,4.417244025258107e-10,paper-run-order-iris01-u1_rzxy-r2-s2
breast_cancer,su2_haar,3,6,63,False,5.202322979851072,12,1.9626012454665631,12,3.38316177491736,12,1.7326688522601008,1.3580969599634305,paper-run-primary-a-breast_cancer-su2_haar-s3
iris01,su2_haar,3,6,63,True,4.113988612766098,12,1.663162670624379,12,3.8543731060547657,12,1.5503965869561365,1.2510165325594502,paper-run-finite-iris01-su2_haar-q10000-s3
iris01,u1_rzxy,8,5,19,False,3.1205140887591694,10,0.9930048024940353,10,3.147004240373458,10,1.7368233463084328,0.027315397068194847,paper-run-primary-a-iris01-u1_rzxy-s8
iris01,su2_cnot,8,6,63,False,7.0979164668817685,12,4.054656459064034,12,11.131411451057764,12,3.4637844998429768,3.938646723530957,paper-run-primary-a-iris01-su2_cnot-s8
digits01,su2_haar,2,6,63,False,6.420924602181407,12,2.476511084930453,12,4.757901170676874,12,1.8468980953500567,1.4717112864215907,paper-run-primary-a-digits01-su2_haar-s2
breast_cancer,u1_rzxy,9,5,19,False,1.656987714826536,10,0.3972173895107953,10,1.668143390134428,10,0.8147508895185827,0.011990309465290883,paper-run-primary-a-breast_cancer-u1_rzxy-s9
digits01,su2_cnot,9,6,63,False,5.98330266663553,12,3.269236045642043,12,6.396247320282895,12,2.0105008255412953,1.7912915300031924,paper-run-primary-a-digits01-su2_cnot-s9
wine01,ryrz_cz,18,6,63,False,12.798071499804687,12,4.346018306298705,12,7.5825085320944545,12,3.6300390730213863,2.566536944908649,paper-run-primary-b-wine01-ryrz_cz-s18
iris01,su2_haar,1,6,63,True,7.214395469623054,12,2.2412468183018133,12,5.903931846275823,12,2.138863618541006,1.5243365424581592,paper-run-finite-iris01-su2_haar-q10000-s1
wine01,su2_cnot,6,6,63,False,6.163872952405095,12,4.737713179169999,12,5.99988371675708,12,1.7939871744263745,1.5562560097882787,paper-run-primary-a-wine01-su2_cnot-s6
iris01,u1_rzxy,2,5,19,False,3.1971395743969238,10,0.6436891887173828,10,3.2223896030717603,10,2.2485471806290613,0.026088058210974246,paper-run-order-iris01-u1_rzxy-r1-s2
iris01,u1_rzxy,2,5,19,True,11.543754457493751,10,6.685938091250327,10,23.493099031984173,10,6.04863307639668,15.52661455647268,paper-run-finite-iris01-u1_rzxy-q1000-s2
breast_cancer,su2_haar,14,6,63,False,4.687636453243091,12,2.585348934163746,12,4.476721670793133,12,1.4496458706309103,1.3054215773802373,paper-run-primary-b-breast_cancer-su2_haar-s14
digits01,u1_rzxy,17,5,19,False,2.5374036162662326,10,0.9953840562570899,10,2.570039858360806,10,1.1439282519457672,0.043101281877109036,paper-run-primary-b-digits01-u1_rzxy-s17
iris01,ryrz_cz,6,6,63,False,13.811813757546776,12,3.63112050791741,12,12.258727152502544,12,4.273007815636903,2.12974479085817,paper-run-primary-a-iris01-ryrz_cz-s6
iris01,su2_haar,13,6,63,False,5.910666355637406,12,2.3112578147187155,12,7.065232312116416,12,1.8851085837378823,1.6920102735697429,paper-run-primary-b-iris01-su2_haar-s13
iris01,su2_cnot,18,6,63,False,5.944664143192687,12,2.6105037525852817,12,10.723570178609306,12,2.191857493685201,2.9209640564371457,paper-run-primary-b-iris01-su2_cnot-s18
digits01,su2_haar,3,6,63,True,4.538962455568911,12,2.476297883233758,12,3.089900858372813,12,1.4938155471885657,1.2932562720722023,paper-run-finite-digits01-su2_haar-q1000-s3
digits01,u1_rzxy,12,5,19,False,1.9675159762046963,10,0.18990440153051244,10,1.9908763799734706,10,1.3687086105696493,0.031141280148011097,paper-run-primary-b-digits01-u1_rzxy-s12
breast_cancer,u1_rzxy,5,5,19,False,1.8734781186949307,10,0.23304474555296004,10,1.8989349125230597,10,1.2231520269186744,0.025602746453668033,paper-run-primary-a-breast_cancer-u1_rzxy-s5
iris01,u1_rzxy,3,5,19,False,1.0118391869377006,8,0.34772203082183784,8,1.0350829390470517,8,0.5678783595559462,0.023359593627675316,paper-run-depth-u1_rzxy-L1-s3
iris01,u1_rzxy,1,9,251,False,3.177951300870671,13,0.6437057908807963,16,3.2992305677486913,16,2.2156514466175583,0.11997386637767317,paper-run-scaling-u1_rzxy-n10-s1
breast_cancer,su2_haar,16,6,63,False,7.821128785733216,12,2.488246708189816,12,6.861542741908808,12,2.6039865040417958,1.3776192543761658,paper-run-primary-b-breast_cancer-su2_haar-s16
wine01,ryrz_cz,11,6,63,False,11.968558799689486,12,3.4414211864408513,12,6.527760037338535,12,3.7350270811876882,3.222421319298778,paper-run-primary-b-wine01-ryrz_cz-s11
iris01,u1_rzxy,3,9,251,False,3.6236692974201805,13,0.6664029521076735,14,3.6844763050028986,14,2.3572923867813955,0.060544165327336585,paper-run-scaling-u1_rzxy-n10-s3
iris01,su2_haar,3,6,63,False,4.111061004232572,12,1.6625432241073497,12,3.827588494883326,12,1.546436703786414,1.2668735835776013,paper-run-primary-a-iris01-su2_haar-s3
digits01,ryrz_cz,13,6,63,False,12.918554403404308,12,4.804286147537809,12,9.845160925420839,12,3.3501977921753627,2.265522330413554,paper-run-primary-b-digits01-ryrz_cz-s13
iris01,u1_rzxy,4,7,69,False,1.0122119092242055,11,0.2289198919547436,11,1.0123346449724109,11,0.4966936666414316,0.00013088624499013076,paper-run-scaling-u1_rzxy-n8-s4
iris01,su2_haar,4,6,63,True,6.092638041251996,12,2.671336115546082,12,8.364571892286508,12,2.2176833970742407,2.1656085636273628,paper-run-finite-iris01-su2_haar-q1000-s4
wine01,su2_haar,11,6,63,False,3.5419301366256652,12,1.953406465352787,12,2.892795239561871,12,1.2029561895121075,1.2287330982709626,paper-run-primary-b-wine01-su2_haar-s11
iris01,su2_haar,0,8,255,False,5.462989856226065,14,0.9788151771127932,16,9.047636273933545,16,2.3809911572549085,2.8756391074592926,paper-run-scaling-su2_haar-n8-s0
digits01,su2_cnot,5,6,63,False,6.745561916011925,12,3.4566357434470905,12,6.02180751925173,12,2.399143595287057,2.1126531959073764,paper-run-primary-a-digits01-su2_cnot-s5
iris01,u1_rzxy,1,5,19,False,2.573040460925255,10,0.11626583428033302,10,2.621702838580698,10,2.3004607822125593,0.04933639476262944,paper-run-scaling-u1_rzxy-n6-s1
iris01,u1_rzxy,4,5,19,False,3.307746008851547,10,1.329088293455969,10,3.334201764556346,10,1.5772360515332013,0.02860696056310744,paper-run-primary-a-iris01-u1_rzxy-s4
digits01,su2_haar,0,21,63,False,11.533357735663675,42,9.211663375926074,42,12.208083658358676,42,1.5662118374313447,1.1894222792257556,paper-run-order-digits01-su2_haar-r2-s0
iris01,su2_haar,1,6,63,False,7.237051388953965,12,2.265164116859578,12,6.047989701321643,12,2.129446621442996,1.5244410545757932,paper-run-scaling-su2_haar-n6-s1
iris01,u1_rzxy,0,14,19,False,3.3860930412088517,14,2.2067525792607174,14,3.3860930438423402,14,1.062889989577702,2.456116101260143e-09,paper-run-order-iris01-u1_rzxy-r2-s0
breast_cancer,su2_cnot,17,6,63,False,6.261466014858074,12,4.111134840042999,12,6.222432429689454,12,1.7544930586355423,1.454621213893683,paper-run-primary-b-breast_cancer-su2_cnot-s17
iris01,su2_haar,1,6,63,False,7.237051388953965,12,2.265164116859578,12,6.047989701321643,12,2.129446621442996,1.5244410545757932,paper-run-order-iris01-su2_haar-r1-s1
digits01,ryrz_cz,4,6,63,False,13.3071474940595,12,5.555592324370589,12,9.072705340602505,12,3.799680308028942,2.6488836866475114,paper-run-primary-a-digits01-ryrz_cz-s4
digits01,u1_rzxy,2,14,19,False,0.9106341981847395,18,0.6755318479390562,18,0.9106341972825384,18,0.13512323060764136,8.387467854091806e-10,paper-run-order-digits01-u1_rzxy-r2-s2
digits01,u1_rzxy,16,5,19,False,1.4046235002465977,10,0.41990202110551256,10,1.4689365830308596,10,0.6916382603497678,0.0622727188586949,paper-run-primary-b-digits01-u1_rzxy-s16
wine01,u1_rzxy,11,5,19,False,1.4726192753453313,10,0.4431001057287254,10,1.4881904666880832,10,0.5731080604572308,0.020064452892654995,paper-run-primary-b-wine01-u1_rzxy-s11
iris01,su2_haar,2,6,63,True,6.181286967969782,12,2.6876709065526545,12,4.851412690371956,12,2.0745656932076075,1.8155220196449224,paper-run-finite-iris01-su2_haar-q10000-s2
iris01,su2_haar,3,6,63,False,4.111061004232585,12,1.6625432241073521,12,3.8275884948833334,12,1.5464367037864188,1.2668735835776046,paper-run-scaling-su2_haar-n6-s3
iris01,u1_rzxy,1,7,69,False,1.0638535330530587,12,0.2100852540179144,13,1.0641205312386603,13,0.4889913984148703,0.00027115652609488694,paper-run-scaling-u1_rzxy-n8-s1
iris01,u1_rzxy,3,5,19,False,3.0229626329355495,10,0.8197103797576168,10,3.067360779532837,10,1.9652524150237651,0.046593929929696444,paper-run-depth-u1_rzxy-L3-s3
digits01,su2_cnot,19,6,63,False,6.02359658131946,12,3.6705465211417696,12,6.600972915354548,12,1.9317390520349054,1.5122800327463535,paper-run-primary-b-digits01-su2_cnot-s19
digits01,u1_rzxy,1,5,19,False,2.5353740301135153,10,0.13909573774069445,10,2.561862309305193,10,2.070432619466688,0.028024574465151292,paper-run-primary-a-digits01-u1_rzxy-s1
iris01,u1_rzxy,10,5,19,False,3.2844662879215414,10,0.9942428000863648,10,3.300811114548912,10,1.8475769867058283,0.026278562606094492,paper-run-primary-b-iris01-u1_rzxy-s10
breast_cancer,ryrz_cz,2,6,63,False,12.783357524750816,12,5.271770992156046,12,9.457281566217869,12,3.3182954300955068,2.197606789932682,paper-run-primary-a-breast_cancer-ryrz_cz-s2
digits01,su2_haar,11,6,63,False,3.918240650657395,12,2.260067912818855,12,3.2786887666049496,12,1.1160979890976714,1.1931246604200558,paper-run-primary-b-digits01-su2_haar-s11
iris01,ryrz_cz,1,6,63,False,13.343263876801542,12,2.4278048477324767,12,9.605449050946088,12,4.702793948921907,2.7236029215570015,paper-run-primary-a-iris01-ryrz_cz-s1
iris01,su2_cnot,5,6,63,False,5.890305914671701,12,3.4366020080744826,12,9.10690571924416,12,2.2112848875564217,2.6849352070823325,paper-run-primary-a-iris01-su2_cnot-s5
iris01,u1_rzxy,11,5,19,False,3.4034785751171888,10,1.1821214480367463,10,3.426764821732049,10,1.7237268455003734,0.022165924600323485,paper-run-primary-b-iris01-u1_rzxy-s11
breast_cancer,su2_cnot,0,6,63,False,7.055851892414247,12,3.4566005412869627,12,7.747508666860071,12,2.815151400348908,1.8276596735091144,paper-run-primary-a-breast_cancer-su2_cnot-s0
wine01,su2_cnot,7,6,63,False,6.2993009050782,12,3.495648186382377,12,7.390344090443685,12,1.8938072268911275,2.0408689070973485,paper-run-primary-a-wine01-su2_cnot-s7
iris01,u1_rzxy,4,5,19,False,3.3077460088515456,10,1.329088293455968,10,3.334201764556347,10,1.577236051533201,0.02860696056310988,paper-run-scaling-u1_rzxy-n6-s4
wine01,su2_haar,6,6,63,False,5.652319782549319,12,2.5841298386462848,12,3.5992019882271906,12,1.883847250366105,1.5009266842707882,paper-run-primary-a-wine01-su2_haar-s6
digits01,su2_haar,2,6,63,False,6.42092460218139,12,2.4765110849304786,12,4.757901170676882,12,1.8468980953500438,1.4717112864215887,paper-run-order-digits01-su2_haar-r1-s2
digits01,su2_cnot,18,6,63,False,6.909174731403565,12,3.8619408297283266,12,7.7012356151210355,12,1.7806264151701776,1.6540108263268212,paper-run-primary-b-digits01-su2_cnot-s18
breast_cancer,u1_rzxy,11,5,19,False,2.512830153570091,10,0.6118755579809381,10,2.5626664458743607,10,1.4400882267464294,0.05339254608262803,paper-run-primary-b-breast_cancer-u1_rzxy-s11
iris01,u1_rzxy,1,5,19,False,0.8670065890921912,8,0.03347210948366484,8,0.8928532376859262,8,0.7882530586230138,0.02589637005729957,paper-run-depth-u1_rzxy-L1-s1
breast_cancer,su2_cnot,18,6,63,False,5.944023614412093,12,2.650928984406116,12,7.304054878753717,12,2.1163785612252135,1.7554549829820112,paper-run-primary-b-breast_cancer-su2_cnot-s18
iris01,su2_haar,2,10,1023,False,7.43357202720426,16,0.36491461152319593,20,7.29032617255256,20,2.5193871464492674,2.0629057091099017,paper-run-scaling-su2_haar-n10-s2
iris01,u1_rzxy,0,5,19,True,7.125635463829234,10,3.306589564409754,10,27.34712170396246,10,3.776136865883475,20.65508189996901,paper-run-finite-iris01-u1_rzxy-q1000-s0
iris01,su2_haar,2,6,63,False,6.2191970670545045,12,2.6722645525132793,12,4.9485060393823455,12,2.0973580580131346,1.7787916491522846,paper-run-scaling-su2_haar-n6-s2
digits01,u1_rzxy,0,5,19,False,1.1863758438131844,10,0.33539895883863996,10,1.1985248349509265,10,0.49631731971695586,0.029640345958618364,paper-run-primary-a-digits01-u1_rzxy-s0
breast_cancer,su2_cnot,16,6,63,False,6.221651420477819,12,2.8428982040421737,12,6.646430321920437,12,1.8957474453634977,2.2385360879756138,paper-run-primary-b-breast_cancer-su2_cnot-s16
breast_cancer,su2_haar,9,6,63,False,7.292449959984426,12,2.884900856077465,12,6.387345248218154,12,2.023452426664256,2.019591528148925,paper-run-primary-a-breast_cancer-su2_haar-s9
wine01,su2_haar,0,6,63,False,5.048331287289405,12,2.665452706941009,12,4.656243074250117,12,1.5349978698743971,1.5092720411201928,paper-run-primary-a-wine01-su2_haar-s0
breast_cancer,u1_rzxy,1,5,19,False,1.8831576732104338,10,0.2350274269657248,10,1.9082055585696625,10,1.350259251331514,0.027964422842917707,paper-run-primary-a-breast_cancer-u1_rzxy-s1
iris01,su2_haar,3,4,15,False,3.5718243152341715,8,3.7574621957761694,8,4.968920531443444,8,1.5460919700445885,1.5016297025866943,paper-run-scaling-su2_haar-n4-s3
breast_cancer,ryrz_cz,3,6,63,False,13.354608340020537,12,6.1679399225546465,12,8.781726846923155,12,3.1838149576557084,2.6320940832009074,paper-run-primary-a-breast_cancer-ryrz_cz-s3
wine01,u1_rzxy,2,5,19,False,1.9573787495675976,10,0.2300615368100693,10,2.0268610214815976,10,1.4520153398264641,0.07417740951614847,paper-run-primary-a-wine01-u1_rzxy-s2
digits01,su2_cnot,4,6,63,False,6.60515451394289,12,3.3862782849915503,12,7.183070666817544,12,1.9405838341981285,1.868822793587091,paper-run-primary-a-digits01-su2_cnot-s4
breast_cancer,ryrz_cz,1,6,63,False,11.747865892422443,12,4.684548147296427,12,6.348663477569227,12,3.482503347359174,2.936871584264171,paper-run-primary-a-breast_cancer-ryrz_cz-s1
iris01,su2_cnot,7,6,63,False,6.526233286597472,12,1.9279580222520518,12,9.82451161097298,12,3.022441620596078,3.0526063242002657,paper-run-primary-a-iris01-su2_cnot-s7
iris01,su2_haar,2,6,63,False,6.219197067054501,12,2.6722645525132767,12,4.948506039382352,12,2.0973580580131337,1.7787916491522822,paper-run-primary-a-iris01-su2_haar-s2
iris01,su2_haar,6,6,63,False,5.829708066024793,12,2.2023114411940394,12,6.399544621062569,12,2.160025963575238,1.6872580815201383,paper-run-primary-a-iris01-su2_haar-s6
iris01,u1_rzxy,1,5,19,False,4.051904812858276,10,0.24208298080627852,10,4.108105719730873,10,3.3747541167278374,0.05897145913414924,paper-run-depth-u1_rzxy-L5-s1
wine01,su2_cnot,10,6,63,False,4.799951359279751,12,2.966531647893801,12,6.406464042993779,12,1.6229734988481843,2.163122477551691,paper-run-primary-b-wine01-su2_cnot-s10
wine01,su2_haar,1,6,63,False,6.337709533368861,12,2.312506354613501,12,5.362128594851945,12,2.1155346838232107,1.423218401943526,paper-run-primary-a-wine01-su2_haar-s1
digits01,su2_haar,5,6,63,False,6.682464559376888,12,2.3679933855353474,12,4.941921132553837,12,2.055234920253343,1.4225542034259915,paper-run-primary-a-digits01-su2_haar-s5
iris01,su2_haar,4,6,63,False,6.047986958883992,12,2.522287989047507,12,8.243138133044907,12,2.215575466049064,2.0654881361871813,paper-run-depth-su2_haar-L3-s4
digits01,u1_rzxy,5,5,19,False,2.7038432615335326,10,0.5101359607767082,10,2.726234936360694,10,1.833311981262795,0.024336728352554456,paper-run-primary-a-digits01-u1_rzxy-s5
digits01,ryrz_cz,5,6,63,False,13.259116587000555,12,3.2048861029972096,12,8.534076919236647,12,3.9753575159357957,2.890243584467635,paper-run-primary-a-digits01-ryrz_cz-s5
digits01,su2_haar,1,6,63,True,6.213111428538438,12,3.2798885628550685,12,4.780456735853142,12,1.9864075623003061,1.3425785150114935,paper-run-finite-digits01-su2_haar-q10000-s1
iris01,su2_cnot,19,6,63,False,6.384745346167669,12,2.9776992252998715,12,9.256147531237122,12,2.207186608498042,2.4439549560191023,paper-run-primary-b-iris01-su2_cnot-s19
wine01,u1_rzxy,5,5,19,False,1.4828723207636287,10,0.22399877193231457,10,1.5033842693692203,10,0.8850452708422316,0.02160460582530586,paper-run-primary-a-wine01-u1_rzxy-s5
digits01,su2_haar,15,6,63,False,3.2511504796417516,12,1.7718448129869817,12,3.368291264511195,12,1.0633549792206947,1.3219533382611162,paper-run-primary-b-digits01-su2_haar-s15
iris01,u1_rzxy,16,5,19,False,1.9924740451722656,10,0.8421458705967785,10,2.1791124585009616,10,1.068340727543546,0.19439264318179078,paper-run-primary-b-iris01-u1_rzxy-s16
digits01,su2_cnot,3,6,63,False,5.8460364352278,12,5.212265033513375,12,5.461007965769528,12,1.7983862116407108,1.8047729360598805,paper-run-primary-a-digits01-su2_cnot-s3
digits01,su2_haar,3,21,63,False,9.7636077414063,42,8.051481430848838,42,8.976733196113978,42,1.2653401617461981,1.2236979721040688,paper-run-order-digits01-su2_haar-r2-s3
iris01,su2_haar,0,6,63,False,5.765465886459586,12,2.453882112173374,12,7.516875145742167,12,2.4266196010668706,2.508743984948203,paper-run-order-iris01-su2_haar-r1-s0
wine01,u1_rzxy,16,5,19,False,2.0962317989953365,10,0.8959207049603327,10,2.116774822761995,10,0.7585985193203255,0.02672961271612707,paper-run-primary-b-wine01-u1_rzxy-s16
wine01,ryrz_cz,0,6,63,False,13.125966668165134,12,3.514358620034286,12,8.489252762811361,12,4.320721700252444,2.7880054654474176,paper-run-primary-a-wine01-ryrz_cz-s0
iris01,u1_rzxy,4,5,19,False,3.3077460088515456,10,1.329088293455968,10,3.334201764556347,10,1.577236051533201,0.02860696056310988,paper-run-depth-u1_rzxy-L3-s4
breast_cancer,su2_haar,17,6,63,False,5.646995071452605,12,2.217202421870375,12,4.584590509862298,12,1.8392331166278266,1.3578445712795322,paper-run-primary-b-breast_cancer-su2_haar-s17
wine01,su2_haar,15,6,63,False,4.723580002048461,12,2.782826962625855,12,4.2390243114220505,12,1.4984836603723468,1.4336912110184397,paper-run-primary-b-wine01-su2_haar-s15
wine01,su2_cnot,14,6,63,False,5.993790138573346,12,4.434181820134664,12,6.690004935047527,12,2.0329522258432813,1.7822467633533157,paper-run-primary-b-wine01-su2_cnot-s14
breast_cancer,ryrz_cz,19,6,63,False,11.871982620568522,12,3.0988951541310716,12,6.075588165195082,12,3.710029948255268,3.198985155721335,paper-run-primary-b-breast_cancer-ryrz_cz-s19
digits01,su2_haar,1,6,63,False,6.208669978848934,12,3.3167895647301178,12,4.844927346298847,12,1.9950870070641173,1.3471380192807776,paper-run-primary-a-digits01-su2_haar-s1
breast_cancer,ryrz_cz,10,6,63,False,12.25325882628629,12,3.0600995909707787,12,8.916142397447247,12,3.889253836165027,2.3607594944527626,paper-run-primary-b-breast_cancer-ryrz_cz-s10
digits01,u1_rzxy,11,5,19,False,2.247914793841332,10,0.617893582073705,10,2.2724818589526814,10,1.206923752141926,0.02957704307704217,paper-run-primary-b-digits01-u1_rzxy-s11
wine01,su2_cnot,2,6,63,False,5.94994404640152,12,4.423948853968498,12,6.322541711637459,12,1.705449937383067,1.4509109766434805,paper-run-primary-a-wine01-su2_cnot-s2
iris01,u1_rzxy,3,3,5,False,2.3659814360315057,6,0.98483105574021,6,2.3651251310511854,6,1.1302221151597704,0.0008227448148160031,paper-run-scaling-u1_rzxy-n4-s3
iris01,u1_rzxy,4,9,251,False,2.0964086287652766,13,0.7961621529893658,13,2.390845368045226,13,1.0882570139372185,0.2930101627001919,paper-run-scaling-u1_rzxy-n10-s4
digits01,ryrz_cz,16,6,63,False,12.060952517721566,12,4.5254777750006285,12,10.378020589342384,12,3.4926825756944377,1.70080725221179,paper-run-primary-b-digits01-ryrz_cz-s16
breast_cancer,su2_cnot,1,6,63,False,6.188033243934719,12,2.654462064213735,12,6.456901008151019,12,1.936281521704794,1.4865431834014224,paper-run-primary-a-breast_cancer-su2_cnot-s1
iris01,ryrz_cz,13,6,63,False,12.386087679005698,12,2.1393794283202006,12,9.968117991675967,12,4.398157370207897,2.543257227599108,paper-run-primary-b-iris01-ryrz_cz-s13
wine01,u1_rzxy,12,5,19,False,2.1073570613469332,10,0.2502407885229588,10,2.1270443222878885,10,1.41235772573025,0.024489458452740417,paper-run-primary-b-wine01-u1_rzxy-s12
iris01,u1_rzxy,4,3,5,False,2.4863573286981326,6,1.3051631627420905,6,2.486364107819335,6,0.9388589171813948,1.945256159603149e-05,paper-run-scaling-u1_rzxy-n4-s4
breast_cancer,ryrz_cz,9,6,63,False,14.010343887194153,12,6.512398025953246,12,7.747666947833243,12,3.4798117647180566,2.9264088426050727,paper-run-primary-a-breast_cancer-ryrz_cz-s9
iris01,ryrz_cz,3,6,63,False,12.307933389883638,12,1.8150185831504833,12,10.84812829862169,12,4.488817904920342,1.976857590192048,paper-run-primary-a-iris01-ryrz_cz-s3
breast_cancer,su2_cnot,3,6,63,False,5.538916505137273,12,3.5166206912035394,12,6.966413990828656,12,1.9446228149366476,1.7970187431620543,paper-run-primary-a-breast_cancer-su2_cnot-s3
iris01,su2_haar,3,6,63,False,5.051717340561156,12,3.8513190065339358,12,4.828316579959491,12,1.5841275143664753,1.8997247505104613,paper-run-depth-su2_haar-L5-s3
iris01,su2_haar,7,6,63,False,3.9690505278080646,12,1.7698628980830946,12,5.071773557054317,12,1.3664564562772104,1.6275329325823014,paper-run-primary-a-iris01-su2_haar-s7
breast_cancer,u1_rzxy,7,5,19,False,1.905549498558832,10,0.8846563156654389,10,1.9425377998281854,10,0.6379160195959892,0.044135769159065294,paper-run-primary-a-breast_cancer-u1_rzxy-s7
breast_cancer,su2_haar,0,6,63,False,4.692020714012138,12,1.839740085577394,12,3.33024930229259,12,1.4293535147399152,1.274210590146868,paper-run-primary-a-breast_cancer-su2_haar-s0
digits01,su2_haar,1,21,63,False,12.04783491743401,42,8.005835403209327,42,11.743775177453681,42,1.7997696021905176,0.9488932109543702,paper-run-order-digits01-su2_haar-r2-s1
digits01,ryrz_cz,2,6,63,False,12.43726796850076,12,3.7635023100200176,12,10.157710233145375,12,3.620258803083329,1.8612317724983496,paper-run-primary-a-digits01-ryrz_cz-s2
iris01,su2_cnot,9,6,63,False,5.809565331082951,12,2.862215829291605,12,9.988730994370947,12,2.099540923772506,2.9151791771872686,paper-run-primary-a-iris01-su2_cnot-s9
digits01,su2_haar,2,6,63,True,6.628038879883712,12,2.6467455659776755,12,4.780339760114375,12,1.9302442250952365,1.5643137558099829,paper-run-finite-digits01-su2_haar-q1000-s2
wine01,u1_rzxy,19,5,19,False,1.8750242652078586,10,0.9270674773339508,10,1.8939431280746122,10,0.6463377254475595,0.019739374266158013,paper-run-primary-b-wine01-u1_rzxy-s19
wine01,su2_haar,19,6,63,False,7.304514275873628,12,2.000613749064831,12,5.630139516383548,12,2.252690276037434,1.7838526301500572,paper-run-primary-b-wine01-su2_haar-s19
wine01,su2_cnot,4,6,63,False,5.146334044775638,12,3.887806251671043,12,5.7369225936818005,12,1.5421962625555772,1.6137432232173259,paper-run-primary-a-wine01-su2_cnot-s4
digits01,su2_cnot,17,6,63,False,7.825938483901186,12,4.251489879989092,12,6.357413376430597,12,2.1194767474711425,1.9617622555810625,paper-run-primary-b-digits01-su2_cnot-s17
digits01,u1_rzxy,2,5,19,False,0.8840721866174615,10,0.2746804277955025,10,0.8890300593655742,10,0.32936935634029785,0.012913148861134214,paper-run-order-digits01-u1_rzxy-r1-s2
iris01,su2_haar,1,6,63,False,7.237051388953965,12,2.265164116859578,12,6.047989701321643,12,2.129446621442996,1.5244410545757932,paper-run-primary-a-iris01-su2_haar-s1
wine01,su2_cnot,18,6,63,False,5.218301469271642,12,2.7900143842682934,12,5.950995417212565,12,1.923635206386197,1.6666694159335627,paper-run-primary-b-wine01-su2_cnot-s18
breast_cancer,su2_cnot,13,6,63,False,7.367967965514947,12,4.164426394521876,12,6.218331198668156,12,2.278617641286899,2.0357169432009656,paper-run-primary-b-breast_cancer-su2_cnot-s13
iris01,su2_haar,0,4,15,False,5.194106907136877,8,3.6744783545854744,8,4.334293800801502,8,1.8650308705514933,1.78101121472608,paper-run-scaling-su2_haar-n4-s0
wine01,ryrz_cz,1,6,63,False,11.868967701578526,12,5.217459492927474,12,9.826605513375892,12,3.0313036137306506,1.4522541107991884,paper-run-primary-a-wine01-ryrz_cz-s1
digits01,su2_haar,0,6,63,True,5.56537462200939,12,2.9044803397730727,12,4.944410846267672,12,1.7515199025488584,1.5581327738777515,paper-run-finite-digits01-su2_haar-q10000-s0
iris01,ryrz_cz,9,6,63,False,12.35614401810009,12,2.7318756681359417,12,10.624547635773569,12,4.556111770049968,3.2669115188338798,paper-run-primary-a-iris01-ryrz_cz-s9
digits01,u1_rzxy,4,5,19,False,1.8669498489459229,10,1.0295113592045573,10,1.8768422542058378,10,0.5097951594613104,0.012120125695462782,paper-run-primary-a-digits01-u1_rzxy-s4
breast_cancer,u1_rzxy,17,5,19,False,2.676082111975215,10,0.9829298555507727,10,2.704731586023137,10,1.2141088986156627,0.037897624053648715,paper-run-primary-b-breast_cancer-u1_rzxy-s17
iris01,u1_rzxy,4,5,19,False,1.0586456051506226,8,0.4958909569694609,8,1.075206381968754,8,0.4643418818405303,0.01666430219237034,paper-run-depth-u1_rzxy-L1-s4
wine01,su2_cnot,16,6,63,False,5.967729410199339,12,3.262394081309915,12,7.143512608795979,12,1.6245921016843767,2.089557287841681,paper-run-primary-b-wine01-su2_cnot-s16
digits01,ryrz_cz,15,6,63,False,12.149158340136593,12,3.3790681388870807,12,9.232814490336803,12,3.8012810903665546,2.5514398830866325,paper-run-primary-b-digits01-ryrz_cz-s15
digits01,ryrz_cz,19,6,63,False,12.12206641257069,12,4.9257177225949835,12,7.151018978471613,12,3.1876145349907836,2.850029646296901,paper-run-primary-b-digits01-ryrz_cz-s19
iris01,su2_haar,11,6,63,False,4.393070472223134,12,2.125020108649716,12,4.295425443203858,12,1.304053641434419,1.4305585262301128,paper-run-primary-b-iris01-su2_haar-s11
breast_cancer,su2_cnot,9,6,63,False,6.007673860643469,12,4.933788130515843,12,6.110944838223807,12,2.292087368450462,2.0187126704390543,paper-run-primary-a-breast_cancer-su2_cnot-s9
wine01,su2_cnot,13,6,63,False,6.851994111121191,12,3.3311363061114894,12,6.395067519494581,12,2.1676687326122877,1.6775247102991642,paper-run-primary-b-wine01-su2_cnot-s13
breast_cancer,su2_haar,5,6,63,False,4.251612907681639,12,2.2141139404471937,12,3.694720106669618,12,1.4186760325563548,1.1978167339843675,paper-run-primary-a-breast_cancer-su2_haar-s5
wine01,su2_haar,18,6,63,False,5.3762940510217545,12,2.1062846959359756,12,5.250722760837409,12,1.5454275651174372,1.4594946435786926,paper-run-primary-b-wine01-su2_haar-s18
digits01,su2_cnot,6,6,63,False,7.517573458676288,12,3.4155791627541903,12,7.127528341793085,12,1.980682878602482,1.8980616031769384,paper-run-primary-a-digits01-su2_cnot-s6
iris01,u1_rzxy,2,7,69,False,1.2481840285986825,7,0.3158711267744247,7,1.2481935891729938,7,0.5552781669326827,9.557474271461026e-06,paper-run-scaling-u1_rzxy-n8-s2
iris01,u1_rzxy,2,9,251,False,3.394663731433964,9,0.5411725282394836,9,3.430281790213202,9,2.4396375706511395,0.03493205178385556,paper-run-scaling-u1_rzxy-n10-s2
iris01,u1_rzxy,2,5,19,True,10.136122059156937,10,11.723116853592526,10,57.27372177810184,10,5.207166592272752,47.167116427437804,paper-run-finite-iris01-u1_rzxy-q10000-s2
iris01,su2_haar,1,6,63,False,7.237051388953965,12,2.265164116859578,12,6.047989701321643,12,2.129446621442996,1.5244410545757932,paper-run-depth-su2_haar-L3-s1
digits01,u1_rzxy,4,5,19,False,1.8669498489459229,10,1.0295113592045573,10,1.8768422542058378,10,0.5097951594613104,0.012120125695462782,paper-run-order-digits01-u1_rzxy-r1-s4
iris01,ryrz_cz,4,6,63,False,12.891440054525637,12,3.21320728345183,12,9.680327171480887,12,4.506927317824672,2.9399944802471927,paper-run-primary-a-iris01-ryrz_cz-s4
iris01,u1_rzxy,12,5,19,False,3.691160409365558,10,0.3958797251399776,10,3.7257552248600976,10,2.6379522853733617,0.03770180678588079,paper-run-primary-b-iris01-u1_rzxy-s12
breast_cancer,u1_rzxy,4,5,19,False,3.322408661117099,10,1.223786786662795,10,3.393729139012763,10,1.5118649866322786,0.07719540348410137,paper-run-primary-a-breast_cancer-u1_rzxy-s4
iris01,su2_haar,3,21,63,False,9.269393941373194,40,6.663759712306914,40,10.393232146391837,40,1.6076896219453085,1.252421860481808,paper-run-order-iris01-su2_haar-r2-s3
iris01,su2_haar,4,6,63,False,6.047986958883992,12,2.522287989047507,12,8.243138133044907,12,2.215575466049064,2.0654881361871813,paper-run-scaling-su2_haar-n6-s4
digits01,ryrz_cz,8,6,63,False,13.643640260626572,12,4.208909573669791,12,9.588467794937275,12,4.060833583608646,2.6079467596585597,paper-run-primary-a-digits01-ryrz_cz-s8
wine01,su2_haar,4,6,63,False,5.652904282776477,12,2.3049045550380547,12,5.607263402026078,12,1.7007897549408917,1.2105405728272551,paper-run-primary-a-wine01-su2_haar-s4
digits01,su2_haar,7,6,63,False,4.697007124510864,12,2.2054347770851934,12,3.403934351874823,12,1.4434415649923842,1.1603475882968997,paper-run-primary-a-digits01-su2_haar-s7
breast_cancer,u1_rzxy,3,5,19,False,2.418239063904057,10,0.6691007749509076,10,2.447640602104337,10,1.4330606132823607,0.0359806077243972,paper-run-primary-a-breast_cancer-u1_rzxy-s3
digits01,u1_rzxy,4,5,19,True,20.11164130580223,10,9.152954759360203,10,43.87125371252544,10,13.71668520848723,31.66586044073858,paper-run-finite-digits01-u1_rzxy-q1000-s4
iris01,ryrz_cz,15,6,63,False,13.544474212496423,12,2.7676043013952936,12,12.724595433637868,12,4.342147694037365,1.4541918114841181,paper-run-primary-b-iris01-ryrz_cz-s15
iris01,su2_haar,16,6,63,False,8.70578821643231,12,2.056071398109835,12,9.601288256394136,12,3.1009092558385256,2.4947228111746833,paper-run-primary-b-iris01-su2_haar-s16
iris01,u1_rzxy,17,5,19,False,2.8318760573593336,10,1.302623847215919,10,3.0175424822097314,10,1.3284136360677747,0.1816283595502793,paper-run-primary-b-iris01-u1_rzxy-s17
wine01,ryrz_cz,13,6,63,False,13.417162522481124,12,4.969167317760837,12,8.082185106121127,12,3.8086112044921796,2.908455719992782,paper-run-primary-b-wine01-ryrz_cz-s13
iris01,su2_cnot,6,6,63,False,6.071657074860403,12,2.8298031671015442,12,9.708017747623341,12,2.2400402924203116,1.9959676038882268,paper-run-primary-a-iris01-su2_cnot-s6
iris01,u1_rzxy,4,5,19,True,6.493723257016035,10,8.632079532910316,10,35.1446308584463,10,3.3076677071563183,31.79322191752903,paper-run-finite-iris01-u1_rzxy-q1000-s4
digits01,su2_haar,3,6,63,False,4.303902880464507,12,2.2757861739785925,12,3.095974660941306,12,1.4061239313138207,1.1781455886181091,paper-run-primary-a-digits01-su2_haar-s3
iris01,su2_haar,1,10,1023,False,7.333234349188779,16,0.7014865527025426,20,10.89923965621777,20,2.186095114484424,2.983574728837173,paper-run-scaling-su2_haar-n10-s1
iris01,u1_rzxy,15,5,19,False,2.073637502823525,10,0.47048982585906773,10,2.3092954936392247,10,1.2961109863709621,0.23448839154623638,paper-run-primary-b-iris01-u1_rzxy-s15
iris01,u1_rzxy,3,5,19,False,3.022962632935548,10,0.8197103797576167,10,3.0673607795328377,10,1.9652524150237638,0.046593929929698324,paper-run-scaling-u1_rzxy-n6-s3
iris01,su2_haar,4,6,63,False,6.9864400979016,12,3.454746567573641,12,9.15702302354656,12,2.418955058846432,2.9204654854370813,paper-run-depth-su2_haar-L5-s4
iris01,su2_haar,17,6,63,False,5.208123902369747,12,2.488965808978965,12,5.5180490259376,12,1.6400570807322674,1.5353416771222612,paper-run-primary-b-iris01-su2_haar-s17
iris01,u1_rzxy,7,5,19,False,2.6226494075034834,10,1.2161944542242957,10,2.6408981581730693,10,1.1828812644656126,0.021614422745393363,paper-run-primary-a-iris01-u1_rzxy-s7
digits01,su2_haar,14,6,63,False,4.246038331890625,12,2.1622272014605715,12,4.389186188910654,12,1.4312452590485136,1.6298102226281614,paper-run-primary-b-digits01-su2_haar-s14
breast_cancer,u1_rzxy,12,5,19,False,0.98734570560205,10,0.11504711665213538,10,0.9976699306258298,10,0.49151901810889387,0.02393292871964688,paper-run-primary-b-breast_cancer-u1_rzxy-s12
digits01,u1_rzxy,1,5,19,False,2.535374030113517,10,0.13909573774069456,10,2.5618623093051966,10,2.0704326194666893,0.028024574465152864,paper-run-order-digits01-u1_rzxy-r1-s1
digits01,su2_haar,3,6,63,False,4.303902880464507,12,2.2757861739785925,12,3.095974660941306,12,1.4061239313138207,1.1781455886181091,paper-run-order-digits01-su2_haar-r1-s3
iris01,su2_cnot,16,6,63,False,4.251066474368506,12,2.0204222349497822,12,11.838634505744603,12,2.423126675497572,4.799903310418889,paper-run-primary-b-iris01-su2_cnot-s16
iris01,u1_rzxy,4,5,19,False,5.64027016620126,10,1.9630893153634015,10,5.676524675968241,10,3.050879190964327,0.04029099126586973,paper-run-depth-u1_rzxy-L5-s4
iris01,su2_cnot,2,6,63,False,5.510508719280699,12,2.527202929579604,12,9.30401648937292,12,2.3587782556007575,3.3897916004002404,paper-run-primary-a-iris01-su2_cnot-s2
breast_cancer,ryrz_cz,18,6,63,False,13.372760674964518,12,3.0814902269944966,12,10.037371461102431,12,4.210303168763408,2.303801549936379,paper-run-primary-b-breast_cancer-ryrz_cz-s18
digits01,u1_rzxy,14,5,19,False,1.3456669684537759,10,0.6076180994649513,10,1.358073011526012,10,0.45422943010596506,0.011230739970490341,paper-run-primary-b-digits01-u1_rzxy-s14
wine01,su2_cnot,3,6,63,False,4.944310572734626,12,4.571004622861632,12,5.601492554481972,12,1.8598479857934964,1.7035255311373179,paper-run-primary-a-wine01-su2_cnot-s3
wine01,su2_cnot,17,6,63,False,5.342445543508292,12,4.4426072678197475,12,6.671709646184843,12,1.6153380215375484,1.878384722745595,paper-run-primary-b-wine01-su2_cnot-s17
wine01,u1_rzxy,1,5,19,False,0.7598386801327746,10,0.10585086641982788,10,0.7638346928601747,10,0.43190597911580236,0.007520222247562136,paper-run-primary-a-wine01-u1_rzxy-s1
iris01,u1_rzxy,1,3,5,False,2.3582104065710676,6,1.8871019401326166,6,2.357412126020553,6,0.37394927119149873,0.0008313414530448532,paper-run-scaling-u1_rzxy-n4-s1
digits01,u1_rzxy,3,5,19,True,12.163998830670097,10,4.53534732665629,10,12.444881459551375,10,7.2855289967256045,11.58874615796727,paper-run-finite-digits01-u1_rzxy-q1000-s3
breast_cancer,ryrz_cz,12,6,63,False,13.061878901956245,12,7.341042603674935,12,10.600863182940643,12,2.794020975780958,1.5382536935025262,paper-run-primary-b-breast_cancer-ryrz_cz-s12
digits01,u1_rzxy,2,5,19,True,8.295179635327024,10,3.9670417498124086,10,4.941588977508647,10,6.16396195716125,5.996054958128912,paper-run-finite-digits01-u1_rzxy-q1000-s2
iris01,ryrz_cz,17,6,63,False,13.755178433769078,12,3.0240136814988507,12,10.757729659564884,12,4.417796677759378,2.1441620114566464,paper-run-primary-b-iris01-ryrz_cz-s17
wine01,su2_haar,10,6,63,False,3.795897645133929,12,1.8700405509027465,12,4.009590978084532,12,1.118062394643725,1.2201449254771282,paper-run-primary-b-wine01-su2_haar-s10
iris01,u1_rzxy,3,5,19,False,3.0229626329355495,10,0.8197103797576168,10,3.067360779532837,10,1.9652524150237651,0.046593929929696444,paper-run-order-iris01-u1_rzxy-r1-s3
breast_cancer,ryrz_cz,8,6,63,False,13.596298176521012,12,6.72409617233621,12,8.441248080326256,12,3.1977177062730746,2.8027036871668587,paper-run-primary-a-breast_cancer-ryrz_cz-s8
breast_cancer,u1_rzxy,16,5,19,False,2.5477191094091736,10,1.0986304247203253,10,2.5254526970977,10,0.8284267189799183,0.047987908248491855,paper-run-primary-b-breast_cancer-u1_rzxy-s16
iris01,su2_haar,18,6,63,False,4.74602426327645,12,1.8579805746127067,12,6.418807406417269,12,1.705924334653538,1.8955876280732238,paper-run-primary-b-iris01-su2_haar-s18
iris01,u1_rzxy,4,5,19,False,3.3077460088515456,10,1.329088293455968,10,3.334201764556347,10,1.577236051533201,0.02860696056310988,paper-run-order-iris01-u1_rzxy-r1-s4
iris01,u1_rzxy,9,5,19,False,2.775014024119876,10,0.7462666900766808,10,2.825249444914837,10,1.8790158980491507,0.050609857797215406,paper-run-primary-a-iris01-u1_rzxy-s9
iris01,su2_haar,3,8,255,False,6.059967833701202,14,0.8111050095051857,16,5.5355393875005,16,2.0625935549909205,1.8473495434012372,paper-run-scaling-su2_haar-n8-s3
wine01,ryrz_cz,3,6,63,False,13.562159825311088,12,7.343550575271441,12,10.144219316206437,12,2.8509261049536447,2.0704718924864953,paper-run-primary-a-wine01-ryrz_cz-s3
breast_cancer,ryrz_cz,16,6,63,False,12.213624929157994,12,4.499041689055115,12,6.34781932282328,12,3.6768591612608335,3.2540796893748496,paper-run-primary-b-breast_cancer-ryrz_cz-s16
iris01,su2_haar,4,21,63,False,10.785877795108094,40,7.2289440544684345,40,14.616245433661202,40,1.954836233976983,2.092427400611174,paper-run-order-iris01-su2_haar-r2-s4
breast_cancer,ryrz_cz,11,6,63,False,12.88386252185061,12,5.5750140418593395,12,9.376100990323714,12,3.1545577358222667,2.01090538883349,paper-run-primary-b-breast_cancer-ryrz_cz-s11
iris01,u1_rzxy,2,3,5,False,1.3895131038189317,6,1.0629938854139895,6,1.389517022497775,6,0.3040793232972165,9.210044318308975e-06,paper-run-scaling-u1_rzxy-n4-s2
digits01,u1_rzxy,18,5,19,False,2.3559001545198828,10,0.6646518884281701,10,2.3521478723677123,10,1.1862181738600326,0.022480228543626433,paper-run-primary-b-digits01-u1_rzxy-s18
digits01,ryrz_cz,10,6,63,False,11.725802886114911,12,5.701820555569947,12,7.79319153409609,12,2.8145133675109433,2.15946090137835,paper-run-primary-b-digits01-ryrz_cz-s10
wine01,u1_rzxy,0,5,19,False,3.0122762871503,10,1.4116236728516716,10,3.088578054727189,10,1.2958499642652996,0.08288659010710761,paper-run-primary-a-wine01-u1_rzxy-s0
iris01,su2_cnot,4,6,63,False,5.275623697721109,12,1.87453262019195,12,9.949977189740684,12,2.436917976890842,4.151238202207659,paper-run-primary-a-iris01-su2_cnot-s4
wine01,u1_rzxy,7,5,19,False,1.3813203595813408,10,0.7020791467231606,10,1.3786886063438397,10,0.4030238438996795,0.02758649097228411,paper-run-primary-a-wine01-u1_rzxy-s7
digits01,su2_haar,0,6,63,False,5.543705119359919,12,2.9143493227029085,12,5.016201219922895,12,1.7371400571139186,1.5645231565810043,paper-run-primary-a-digits01-su2_haar-s0
digits01,u1_rzxy,0,5,19,True,13.296911165099656,10,12.826620498494341,10,35.44360157877906,10,10.637688547901911,23.541058869191744,paper-run-finite-digits01-u1_rzxy-q1000-s0
iris01,su2_cnot,12,6,63,False,5.838946566529736,12,3.0295811737237153,12,9.670645139662911,12,2.0568283287394538,2.5962483372353,paper-run-primary-b-iris01-su2_cnot-s12
iris01,ryrz_cz,14,6,63,False,10.53495985233497,12,2.788683720983907,12,9.903647291436542,12,3.342855770398791,1.9210696313774402,paper-run-primary-b-iris01-ryrz_cz-s14
iris01,su2_cnot,17,6,63,False,5.450559452114595,12,1.971852991555509,12,7.327694384983547,12,2.3433778517568684,2.173688741713583,paper-run-primary-b-iris01-su2_cnot-s17
digits01,su2_haar,6,6,63,False,5.001136857717789,12,1.8280551326737524,12,4.477754985291651,12,1.7914767172740949,1.342106908495841,paper-run-primary-a-digits01-su2_haar-s6
iris01,su2_haar,3,6,63,True,4.397141473542972,12,1.879675526793771,12,3.9750703718029525,12,1.6475131427581144,1.3453411962765582,paper-run-finite-iris01-su2_haar-q1000-s3
iris01,su2_haar,2,6,63,True,6.5566353426455235,12,3.0379404627558793,12,4.849067643894113,12,2.184489741312149,1.8499592290361537,paper-run-finite-iris01-su2_haar-q1000-s2
breast_cancer,su2_haar,4,6,63,False,5.690905690119028,12,2.4870075329824415,12,5.509916080019908,12,1.8277666848668745,1.5283717004074706,paper-run-primary-a-breast_cancer-su2_haar-s4
iris01,su2_haar,0,6,63,False,3.665074840699593,10,0.8263254327020011,12,3.8636002690932014,12,1.5540934812366585,1.1214754097756017,paper-run-depth-su2_haar-L1-s0
digits01,su2_haar,4,6,63,True,7.31280539387368,12,2.8600051115410268,12,6.045231239202637,12,2.0731549180428055,1.6008050360780912,paper-run-finite-digits01-su2_haar-q1000-s4
iris01,u1_rzxy,1,5,19,False,2.573040460925255,10,0.11626583428033302,10,2.621702838580698,10,2.3004607822125593,0.04933639476262944,paper-run-primary-a-iris01-u1_rzxy-s1
wine01,ryrz_cz,4,6,63,False,14.189623581426371,12,6.167514501428573,12,8.952392717272232,12,3.6027681331245174,2.6636698031793293,paper-run-primary-a-wine01-ryrz_cz-s4
digits01,su2_haar,9,6,63,False,7.139200300933604,12,2.4535028306330595,12,5.4636688446087165,12,2.244039854655896,1.883493811808948,paper-run-primary-a-digits01-su2_haar-s9
iris01,u1_rzxy,2,5,19,False,3.197139574396925,10,0.6436891887173826,10,3.222389603071762,10,2.2485471806290627,0.026088058210974634,paper-run-depth-u1_rzxy-L3-s2
breast_cancer,su2_cnot,5,6,63,False,6.130144257474609,12,3.2942110936763016,12,7.105592703962533,12,1.9942475356429634,1.4431395061427932,paper-run-primary-a-breast_cancer-su2_cnot-s5
digits01,su2_haar,3,6,63,True,4.300678370537628,12,2.2869345226665585,12,3.148733031669046,12,1.3949565426889556,1.1889918911412525,paper-run-finite-digits01-su2_haar-q10000-s3
iris01,u1_rzxy,3,5,19,False,5.149530341564229,10,1.5822794463221357,10,5.170814687710886,10,3.194061990682251,0.027149111229048624,paper-run-depth-u1_rzxy-L5-s3
breast_cancer,su2_cnot,12,6,63,False,4.970663746212885,12,4.595035043818278,12,6.295484740229907,12,1.4238976447758107,1.5272366766724128,paper-run-primary-b-breast_cancer-su2_cnot-s12
iris01,ryrz_cz,10,6,63,False,11.869306343900178,12,1.8227071505751322,12,11.952526348987597,12,4.307364042126082,2.554886949288331,paper-run-primary-b-iris01-ryrz_cz-s10
iris01,u1_rzxy,1,5,19,True,6.182579437793503,10,1.5032009654650507,10,7.8556584565895955,10,3.726062007183759,2.053476679575132,paper-run-finite-iris01-u1_rzxy-q10000-s1
digits01,u1_rzxy,13,5,19,False,2.4106293668981906,10,1.1304499237371526,10,2.4406709142021352,10,0.9909840118998039,0.0293917686483635,paper-run-primary-b-digits01-u1_rzxy-s13
digits01,su2_haar,1,6,63,True,6.407454254817272,12,3.5679221250149995,12,5.386138618562302,12,2.0756650062590656,1.5004123826310853,paper-run-finite-digits01-su2_haar-q1000-s1
breast_cancer,ryrz_cz,14,6,63,False,13.601218467700047,12,5.086873174321128,12,9.859476388926277,12,3.4505103686892995,1.7893379945398935,paper-run-primary-b-breast_cancer-ryrz_cz-s14
digits01,ryrz_cz,6,6,63,False,14.05502099652003,12,4.343051350465203,12,9.727407713443858,12,3.8196352127862387,2.420462585455986,paper-run-primary-a-digits01-ryrz_cz-s6
wine01,su2_haar,7,6,63,False,4.421365224297397,12,1.9880779025496715,12,3.2126928866019613,12,1.383331677953985,1.1485455673616527,paper-run-primary-a-wine01-su2_haar-s7
breast_cancer,su2_haar,11,6,63,False,3.4064967121705765,12,2.557536806455899,12,2.9638160179758852,12,1.0773387241918635,0.8374764798523838,paper-run-primary-b-breast_cancer-su2_haar-s11
iris01,su2_haar,4,6,63,True,6.040939134914922,12,2.571207404111458,12,8.29103031577896,12,2.2165457232643835,2.084631356437182,paper-run-finite-iris01-su2_haar-q10000-s4
digits01,u1_rzxy,4,5,19,True,1.854339548044775,10,1.4977507556744838,10,1.8698980763515132,10,0.2350516761500806,0.020651459012882938,paper-run-finite-digits01-u1_rzxy-q10000-s4
digits01,su2_haar,8,6,63,False,6.329368227076154,12,2.067358011011971,12,6.360834661952589,12,2.292154130695249,1.7334536189826621,paper-run-primary-a-digits01-su2_haar-s8
iris01,u1_rzxy,0,5,19,False,3.3628667665667162,10,1.4735585291940019,10,3.3836667267563247,10,1.429520058863813,0.0227664550405733,paper-run-scaling-u1_rzxy-n6-s0
wine01,su2_haar,8,6,63,False,4.802656684771808,12,2.7133960783856472,12,4.599829149723699,12,1.5641979136554751,1.4536408635008005,paper-run-primary-a-wine01-su2_haar-s8
digits01,u1_rzxy,3,14,19,False,2.373271560610619,15,1.8742623423373328,15,2.3732715886282363,15,0.33334341698693937,3.599705511736663e-08,paper-run-order-digits01-u1_rzxy-r2-s3
iris01,su2_haar,2,6,63,False,6.2191970670545045,12,2.6722645525132793,12,4.9485060393823455,12,2.0973580580131346,1.7787916491522846,paper-run-depth-su2_haar-L3-s2
iris01,u1_rzxy,1,5,19,False,2.573040460925255,10,0.11626583428033302,10,2.621702838580698,10,2.3004607822125593,0.04933639476262944,paper-run-depth-u1_rzxy-L3-s1
breast_cancer,u1_rzxy,13,5,19,False,1.2438974198636426,10,0.5328980523503176,10,1.2551018652855612,10,0.3638223331710667,0.009874122428016389,paper-run-primary-b-breast_cancer-u1_rzxy-s13
iris01,u1_rzxy,0,9,251,False,3.589475164523337,9,0.8793794674793601,9,3.6172165208753446,9,2.20908132314281,0.027610438050563787,paper-run-scaling-u1_rzxy-n10-s0
digits01,ryrz_cz,11,6,63,False,12.866246651025369,12,3.2427053190257586,12,9.051860695020935,12,4.09138743407096,2.39843029126056,paper-run-primary-b-digits01-ryrz_cz-s11
digits01,su2_haar,4,6,63,False,7.315876927653595,12,2.6445001786573274,12,5.735592043291152,12,2.0883772634578097,1.5177773444341467,paper-run-primary-a-digits01-su2_haar-s4
iris01,u1_rzxy,0,5,19,False,1.02152217637297,8,0.523744232152743,8,1.031840094517985,8,0.40523596258145006,0.010458590628244472,paper-run-depth-u1_rzxy-L1-s0
iris01,u1_rzxy,6,5,19,False,3.304446002960982,10,1.1009029421820395,10,3.356858846630246,10,1.8405119609301284,0.053068201145995274,paper-run-primary-a-iris01-u1_rzxy-s6
wine01,su2_cnot,0,6,63,False,4.9930293893600615,12,3.5180588761229337,12,6.5388744060394774,12,1.7264524125440162,1.8118517535950112,paper-run-primary-a-wine01-su2_cnot-s0
wine01,ryrz_cz,16,6,63,False,13.926132452243518,12,4.4140508836394865,12,9.841795956921226,12,3.5921575394407785,2.451348531017344,paper-run-primary-b-wine01-ryrz_cz-s16
breast_cancer,su2_cnot,11,6,63,False,6.112241330841543,12,3.1428417963380473,12,5.9156047716291775,12,1.7930379699972956,1.8923836916307006,paper-run-primary-b-breast_cancer-su2_cnot-s11
digits01,su2_cnot,13,6,63,False,7.942073698733702,12,3.761146019671585,12,5.417365459757857,12,2.1217531527255717,2.05392380059344,paper-run-primary-b-digits01-su2_cnot-s13
iris01,su2_haar,0,6,63,False,4.431955393730383,12,3.8147622379388926,12,8.238610163992002,12,2.1723944155627897,3.6612468000687928,paper-run-depth-su2_haar-L5-s0
iris01,ryrz_cz,19,6,63,False,12.341455830641708,12,2.89424940910273,12,10.694889809924339,12,4.3170928267708355,2.3183912222577185,paper-run-primary-b-iris01-ryrz_cz-s19
iris01,ryrz_cz,16,6,63,False,11.687648286193436,11,2.79389246354748,12,11.347549550434625,12,4.049699591712079,2.6937594665787925,paper-run-primary-b-iris01-ryrz_cz-s16
iris01,u1_rzxy,2,5,19,False,5.051267277562404,10,1.2295056072093173,10,5.083604278465898,10,3.4013705855904073,0.036143364195618866,paper-run-depth-u1_rzxy-L5-s2
iris01,su2_haar,2,8,255,False,6.957034877988239,14,1.2378910784752137,16,7.8282585976586985,16,2.4842671529189198,2.7856243006493107,paper-run-scaling-su2_haar-n8-s2
iris01,su2_haar,4,4,15,False,2.4295379853932,8,3.9654796588822507,8,4.758011546492708,8,1.621364361065034,1.8808061811592345,paper-run-scaling-su2_haar-n4-s4
iris01,u1_rzxy,0,3,5,False,2.568910202706668,6,1.2159530504251375,6,2.569005350112487,6,1.144433123640989,0.0001087102556230602,paper-run-scaling-u1_rzxy-n4-s0
breast_cancer,u1_rzxy,15,5,19,False,2.676621999418411,10,1.3039637920976654,10,2.6901940310502916,10,0.725328668105943,0.01497412173130224,paper-run-primary-b-breast_cancer-u1_rzxy-s15
iris01,u1_rzxy,5,5,19,False,3.0639151117876615,10,0.4243071666097388,10,3.1536994804484157,10,2.3718503545993106,0.09053345602262874,paper-run-primary-a-iris01-u1_rzxy-s5
iris01,su2_haar,0,6,63,False,5.765465886459586,12,2.453882112173374,12,7.516875145742167,12,2.4266196010668706,2.508743984948203,paper-run-depth-su2_haar-L3-s0
iris01,u1_rzxy,4,14,19,False,3.337888699727189,17,2.6164204346604927,16,3.3378886992840675,17,0.6514191843231498,9.038946718331159e-10,paper-run-order-iris01-u1_rzxy-r2-s4
breast_cancer,u1_rzxy,14,5,19,False,2.2085506412366342,10,0.9655676590102704,10,2.2365059753408167,10,0.8249515284426623,0.02694949105829877,paper-run-primary-b-breast_cancer-u1_rzxy-s14
iris01,su2_haar,4,6,63,False,4.134775425201237,10,0.7693644455551368,12,5.1127355274878825,12,1.4901755637264777,1.2280177510720167,paper-run-depth-su2_haar-L1-s4
wine01,su2_haar,5,6,63,False,4.573509323262949,12,1.877793235990718,12,3.411326659575357,12,1.4374994332071902,1.5451093189659775,paper-run-primary-a-wine01-su2_haar-s5
iris01,su2_haar,4,10,1023,False,9.27100091043135,16,0.3909946677620452,20,14.677351336554294,20,3.1927411850110223,4.033391443433217,paper-run-scaling-su2_haar-n10-s4
digits01,ryrz_cz,0,6,63,False,12.654767661882666,12,7.021059847326953,12,9.022220271567724,12,2.655143887874363,2.2033588378320923,paper-run-primary-a-digits01-ryrz_cz-s0
iris01,u1_rzxy,0,5,19,False,3.3628667665667162,10,1.4735585291940019,10,3.3836667267563247,10,1.429520058863813,0.0227664550405733,paper-run-order-iris01-u1_rzxy-r1-s0
digits01,su2_cnot,15,6,63,False,6.757763138907486,12,2.79292664238284,12,6.834096458098081,12,2.4347213613006633,1.4174257343889112,paper-run-primary-b-digits01-su2_cnot-s15
iris01,su2_haar,0,6,63,False,5.765465886459586,12,2.453882112173374,12,7.516875145742167,12,2.4266196010668706,2.508743984948203,paper-run-primary-a-iris01-su2_haar-s0
iris01,ryrz_cz,5,6,63,False,12.287038198135766,12,2.2213925250456206,12,11.32960119081659,12,4.081526656619679,1.8181752275532441,paper-run-primary-a-iris01-ryrz_cz-s5
