dataset,family,method,seed,n_qubits,n_layers,n_params,n_samples,steps,lr,nominal_lam,metric_normalization,damping_mode,max_direction_norm,max_metric_step,shots,loss_batch,metric_batch,metric_every,train_loss,train_acc,test_loss,test_acc,total_seconds,metric_seconds,gradient_seconds,solve_seconds,metric_builds,metric_examples_total,loss_examples_total,loss_executions,metric_executions,loss_shots_total,metric_shots_total,metric_oracle_in_shot_mode,metric_rank_first,metric_trace_first,metric_rank_last,metric_trace_last,first_g_dot_d,first_predicted_decrease,first_actual_same_batch_decrease,first_actual_same_batch_loss_before,first_actual_same_batch_loss_after,first_diag_metric_rank,first_diag_metric_condition,first_diag_trust_clipped,readout_order,suite,finite_shot_calibration,initial_gradient_max_abs_diff_to_first_method,initial_direction_cosine_to_full_qng,training_shots_total,calibration_shots_shared,end_to_end_shots_including_calibration,training_executions_total,calibration_executions_shared,end_to_end_executions_including_calibration,paper_tag,paper_block,source_artifact,setting
iris01,su2_haar,AQNG-aligned,0,10,3,90,60,20,0.06,0.003,trace,absolute,8.0,0.25,,4,2,2,0.2356109671885033,1.0,0.2304804564954364,1.0,367.3046101310001,365.94626088699965,1.3484300590002931,0.004669891000276,10,20,80,0,0,0,0,False,20.0,9.13670781708575,20.0,5.797800163674049,6.275359710117272,0.3765215826070363,0.3166175899721761,1.1987843193560408,0.8821667293838646,20,12279.383611599662,True,1,orientation,False,0.0,0.4906276791075644,0,0.0,0.0,0,0.0,0.0,paper-run-scaling-su2_haar-n10-s0,scaling,,n10_L3
iris01,su2_haar,AQNG-physical,0,10,3,90,60,20,0.06,0.003,trace,absolute,8.0,0.25,,4,2,2,0.2600070892200183,0.9333333333333332,0.2162890054986989,0.9333333333333332,369.487610101,368.057052313,1.4204469080000877,0.0047121930001026,10,20,80,0,0,0,0,False,16.0,5.803080871984074,16.0,6.320190404147851,5.096166072543573,0.3057699643526144,0.2617863796250883,1.1987843193560408,0.9369979397309524,16,749.1197922121825,True,1,orientation,False,0.0,0.522582006980994,0,0.0,0.0,0,0.0,0.0,paper-run-scaling-su2_haar-n10-s0,scaling,,n10_L3
iris01,su2_haar,AQNG-random,0,10,3,90,60,20,0.06,0.003,trace,absolute,8.0,0.25,,4,2,2,0.3104647336444761,0.8888888888888888,0.3917878978161078,0.8666666666666667,367.723438203,366.424589241,1.28880006699967,0.0047819729998082,10,20,80,0,0,0,0,False,20.0,0.3850376695073328,20.0,0.4329576695360997,8.496050537442793,0.5097630322465676,0.4716259919732529,1.1987843193560408,0.7271583273827879,20,885.8293066735155,True,1,orientation,False,0.0,0.3918857598962479,0,0.0,0.0,0,0.0,0.0,paper-run-scaling-su2_haar-n10-s0,scaling,,n10_L3
iris01,su2_haar,Adam,0,10,3,90,60,20,0.06,0.003,trace,absolute,8.0,0.25,,4,2,2,0.2613032053033887,0.9555555555555556,0.2848448930141376,0.9333333333333332,1.1274392660000103,0.0,1.12479779399996,0.0006315459999939,0,0,80,0,0,0,0,False,,,,,4.961214944639441,0.2976728966783665,0.2860617288027005,1.1987843193560417,0.9127225905533408,0,,False,1,full,False,0.0,,0,0.0,0.0,0,0.0,0.0,paper-run-baselines-n10_L3-s0,followup,paper-run-baselines-scaling-su2_haar-n10-s0,n10_L3
iris01,su2_haar,Full-QNG,0,10,3,90,60,20,0.06,0.003,trace,absolute,8.0,0.25,,4,2,2,0.8800414491366417,0.6444444444444445,0.8028391665770163,0.6,1514.0436332599998,1512.6528192540006,1.3801535910008624,0.0046953499995652,10,20,80,0,0,0,0,False,64.0,72.05628448100258,63.0,70.44434845844059,4.44123990514113,0.2664743943084678,0.1671405035777236,1.1987843193560408,1.0316438157783172,64,170379.92513824554,True,1,orientation,False,0.0,1.0,0,0.0,0.0,0,0.0,0.0,paper-run-scaling-su2_haar-n10-s0,scaling,,n10_L3
iris01,su2_haar,SGD,0,10,3,90,60,20,0.1,0.003,trace,absolute,8.0,0.25,,4,2,2,0.4100624282901517,0.9333333333333332,0.4093371740078499,0.8666666666666667,1.045851319999997,0.0,1.0434371380000016,0.0003221480000945,0,0,80,0,0,0,0,False,,,,,2.2150236054566146,0.2215023605456614,0.2194117145679797,1.1987843193560417,0.9793726047880618,0,,False,1,full,False,0.0,,0,0.0,0.0,0,0.0,0.0,paper-run-baselines-n10_L3-s0,followup,paper-run-baselines-scaling-su2_haar-n10-s0,n10_L3
iris01,su2_haar,AQNG-aligned,1,10,3,90,60,20,0.06,0.003,trace,absolute,8.0,0.25,,4,2,2,0.2446420302305809,1.0,0.253352082560436,1.0,459.4890125919999,458.0661174419995,1.4136394400002246,0.00424555900031,10,20,80,0,0,0,0,False,20.0,10.89923965621777,20.0,9.684306669269873,3.42695457759764,0.2056172746558583,0.1402847952255435,0.6439441369990206,0.5036593417734772,20,808.410378125531,True,1,orientation,False,0.0,0.2132432609236303,0,0.0,0.0,0,0.0,0.0,paper-run-scaling-su2_haar-n10-s1,scaling,,n10_L3
iris01,su2_haar,AQNG-physical,1,10,3,90,60,20,0.06,0.003,trace,absolute,8.0,0.25,,4,2,2,0.2296680849426762,1.0,0.2063427176627225,1.0,464.148931944,462.6693221769999,1.469894267000086,0.0044364250000512,10,20,80,0,0,0,0,False,16.0,7.333234349188779,16.0,7.534968336256509,2.6909976707678687,0.1614598602460721,0.0994144917514827,0.6439441369990206,0.5445296452475379,16,24.71190328187438,True,1,orientation,False,0.0,0.2596530079182565,0,0.0,0.0,0,0.0,0.0,paper-run-scaling-su2_haar-n10-s1,scaling,,n10_L3
iris01,su2_haar,AQNG-random,1,10,3,90,60,20,0.06,0.003,trace,absolute,8.0,0.25,,4,2,2,0.1853909895244387,1.0,0.177272389499819,1.0,461.05238501500014,459.55388940699993,1.4888331369998014,0.0043554010002253,10,20,80,0,0,0,0,False,20.0,0.7014865527025426,20.0,0.4707841519542404,4.228033011461078,0.2536819806876647,0.1943272937282023,0.6439441369990206,0.4496168432708183,20,100.97672395258002,True,1,orientation,False,0.0,0.1830250426168936,0,0.0,0.0,0,0.0,0.0,paper-run-scaling-su2_haar-n10-s1,scaling,,n10_L3
iris01,su2_haar,Adam,1,10,3,90,60,20,0.06,0.003,trace,absolute,8.0,0.25,,4,2,2,0.2617759947403388,0.9777777777777776,0.2943877437393038,0.9333333333333332,1.326914904999995,0.0,1.324395653999943,0.000645759000065,0,0,80,0,0,0,0,False,,,,,2.311963834339812,0.1387178300603887,0.109688465427738,0.6439441369990206,0.5342556715712826,0,,False,1,full,False,0.0,,0,0.0,0.0,0,0.0,0.0,paper-run-baselines-n10_L3-s1,followup,paper-run-baselines-scaling-su2_haar-n10-s1,n10_L3
iris01,su2_haar,Full-QNG,1,10,3,90,60,20,0.06,0.003,trace,absolute,8.0,0.25,,4,2,2,0.5292152138010744,0.8444444444444444,0.4947329868961512,0.8,1511.11768267,1509.6524084290013,1.455816171999004,0.0042021760002626,10,20,80,0,0,0,0,False,64.0,69.32769808312663,64.0,70.9608263589073,0.905990485345934,0.054359429120756,0.0574149043510876,0.6439441369990206,0.586529232647933,64,69391.8497376946,True,1,orientation,False,0.0,1.0,0,0.0,0.0,0,0.0,0.0,paper-run-scaling-su2_haar-n10-s1,scaling,,n10_L3
iris01,su2_haar,SGD,1,10,3,90,60,20,0.1,0.003,trace,absolute,8.0,0.25,,4,2,2,0.4716146189888905,0.9111111111111112,0.4348462447387309,0.9333333333333332,1.3297879379999813,0.0,1.327346820000031,0.0003051940000204,0,0,80,0,0,0,0,False,,,,,0.4707734907624256,0.0470773490762425,0.0457347790897663,0.6439441369990206,0.5982093579092543,0,,False,1,full,False,0.0,,0,0.0,0.0,0,0.0,0.0,paper-run-baselines-n10_L3-s1,followup,paper-run-baselines-scaling-su2_haar-n10-s1,n10_L3
iris01,su2_haar,AQNG-aligned,2,10,3,90,60,20,0.06,0.003,trace,absolute,8.0,0.25,,4,2,2,0.2515748797648049,0.9111111111111112,0.1946975428026292,1.0,485.7473792799999,484.18534899800034,1.551902640000435,0.0047442900008718,10,20,80,0,0,0,0,False,20.0,7.29032617255256,20.0,7.742479385960133,4.127007019150727,0.2476204211490436,0.2284595223917996,0.9331038599549758,0.7046443375631761,20,2346.1333152723464,True,1,orientation,False,0.0,0.2854025540937941,0,0.0,0.0,0,0.0,0.0,paper-run-scaling-su2_haar-n10-s2,scaling,,n10_L3
iris01,su2_haar,AQNG-physical,2,10,3,90,60,20,0.06,0.003,trace,absolute,8.0,0.25,,4,2,2,0.2103439553932483,0.9777777777777776,0.1885380298628261,1.0,472.762787221,471.24797204599975,1.5050060979998534,0.0044953370000939,10,20,80,0,0,0,0,False,16.0,7.43357202720426,16.0,9.044018291285152,3.673879247653528,0.2204327548592116,0.1223954364369538,0.9331038599549758,0.810708423518022,16,3605.617434410863,True,1,orientation,False,0.0,0.2959361077999612,0,0.0,0.0,0,0.0,0.0,paper-run-scaling-su2_haar-n10-s2,scaling,,n10_L3
iris01,su2_haar,AQNG-random,2,10,3,90,60,20,0.06,0.003,trace,absolute,8.0,0.25,,4,2,2,0.2731084400144167,0.9555555555555556,0.2224946067141342,1.0,479.4700389290001,477.9163926699997,1.543620417000284,0.0047172439997211,10,20,80,0,0,0,0,False,20.0,0.3649146115231959,20.0,0.6485300299540109,7.459622535267243,0.4475773521160346,0.3881368243567087,0.9331038599549758,0.5449670355982671,20,143.84406106164062,True,1,orientation,False,0.0,0.1602546820847999,0,0.0,0.0,0,0.0,0.0,paper-run-scaling-su2_haar-n10-s2,scaling,,n10_L3
iris01,su2_haar,Adam,2,10,3,90,60,20,0.06,0.003,trace,absolute,8.0,0.25,,4,2,2,0.2203278262156898,0.9777777777777776,0.2430513927190857,1.0,1.4309318370000028,0.0,1.4277613999999517,0.0007787209999321,0,0,80,0,0,0,0,False,,,,,6.0587962917971465,0.3635277775078288,0.3125102797239105,0.9331038599549758,0.6205935802310653,0,,False,1,full,False,0.0,,0,0.0,0.0,0,0.0,0.0,paper-run-baselines-n10_L3-s2,followup,paper-run-baselines-scaling-su2_haar-n10-s2,n10_L3
iris01,su2_haar,Full-QNG,2,10,3,90,60,20,0.06,0.003,trace,absolute,8.0,0.25,,4,2,2,0.2414423986808003,0.9555555555555556,0.2446224241230445,1.0,1572.5155607789998,1571.024940152999,1.4805826149990935,0.0044476170019152,10,20,80,0,0,0,0,False,64.0,69.0447639070694,64.0,70.2822304251932,1.4329187699070989,0.0859751261944259,0.0900933804921019,0.9331038599549758,0.8430104794628739,64,15268.861852289328,True,1,orientation,False,0.0,1.0,0,0.0,0.0,0,0.0,0.0,paper-run-scaling-su2_haar-n10-s2,scaling,,n10_L3
iris01,su2_haar,SGD,2,10,3,90,60,20,0.1,0.003,trace,absolute,8.0,0.25,,4,2,2,0.2311905425057958,0.9555555555555556,0.2424706910017411,1.0,1.4237185339999885,0.0,1.4207967039999971,0.0003853089999665,0,0,80,0,0,0,0,False,,,,,2.377632845605807,0.2377632845605807,0.2227222267083832,0.9331038599549758,0.7103816332465925,0,,False,1,full,False,0.0,,0,0.0,0.0,0,0.0,0.0,paper-run-baselines-n10_L3-s2,followup,paper-run-baselines-scaling-su2_haar-n10-s2,n10_L3
iris01,su2_haar,AQNG-aligned,3,10,3,90,60,20,0.06,0.003,trace,absolute,8.0,0.25,,4,2,2,0.2371467959092416,0.9777777777777776,0.2394416694351273,1.0,289.4207097,288.3742778880006,1.0383044699996162,0.003920153999843,10,20,80,0,0,0,0,False,20.0,7.795409656264671,20.0,6.795654892787592,6.488786560634983,0.389327193638099,0.3493846519265873,1.0057265494422785,0.6563418975156912,20,1056.5913887248228,True,1,orientation,False,0.0,0.1774036618044535,0,0.0,0.0,0,0.0,0.0,paper-run-scaling-su2_haar-n10-s3,scaling,,n10_L3
iris01,su2_haar,AQNG-physical,3,10,3,90,60,20,0.06,0.003,trace,absolute,8.0,0.25,,4,2,2,0.1364208669135658,1.0,0.1604440868433195,1.0,290.40188643499994,289.307935694,1.0855545390000998,0.0040409500002169,10,20,80,0,0,0,0,False,16.0,5.545743632883081,16.0,5.64666517881527,2.4947692264172137,0.1496861535850328,0.1518720505173385,1.0057265494422785,0.8538544989249399,16,150.33707739237397,True,1,orientation,False,0.0,0.2603005721267627,0,0.0,0.0,0,0.0,0.0,paper-run-scaling-su2_haar-n10-s3,scaling,,n10_L3
iris01,su2_haar,AQNG-random,3,10,3,90,60,20,0.06,0.003,trace,absolute,8.0,0.25,,4,2,2,0.1361879776170062,1.0,0.1380251070393161,1.0,288.70740810300003,287.6114889070001,1.0877089910002269,0.0039639229999011,10,20,80,0,0,0,0,False,20.0,0.3832015209434535,20.0,0.4927669095686097,6.503183155763615,0.3901909893458169,0.3214411375084818,1.0057265494422785,0.6842854119337967,20,44.25394373097551,True,1,orientation,False,0.0,0.2073614919587256,0,0.0,0.0,0,0.0,0.0,paper-run-scaling-su2_haar-n10-s3,scaling,,n10_L3
iris01,su2_haar,Adam,3,10,3,90,60,20,0.06,0.003,trace,absolute,8.0,0.25,,4,2,2,0.2733370601116304,1.0,0.2123906764040609,1.0,1.549623214999997,0.0,1.5467747199999735,0.0006995490000747,0,0,80,0,0,0,0,False,,,,,4.059920606889796,0.2435952364133877,0.2139205235370324,1.005726549442279,0.7918060259052463,0,,False,1,full,False,0.0,,0,0.0,0.0,0,0.0,0.0,paper-run-baselines-n10_L3-s3,followup,paper-run-baselines-scaling-su2_haar-n10-s3,n10_L3
iris01,su2_haar,Full-QNG,3,10,3,90,60,20,0.06,0.003,trace,absolute,8.0,0.25,,4,2,2,0.2084259765340923,0.9777777777777776,0.1812778771788648,1.0,1159.754450607,1158.6626346080002,1.0831512450004084,0.0039110430002438,10,20,80,0,0,0,0,False,64.0,72.60543502665247,64.0,70.43697045344628,1.6403127610100372,0.0984187656606022,0.0809676195458447,1.0057265494422785,0.9247589298964336,64,55329.578285318734,True,1,orientation,False,0.0,1.0000000000000002,0,0.0,0.0,0,0.0,0.0,paper-run-scaling-su2_haar-n10-s3,scaling,,n10_L3
iris01,su2_haar,SGD,3,10,3,90,60,20,0.1,0.003,trace,absolute,8.0,0.25,,4,2,2,0.4049722055007396,0.9555555555555556,0.4465141647311877,1.0,1.541820830000006,0.0,1.5391901199999722,0.0003515890000471,0,0,80,0,0,0,0,False,,,,,1.2662792142795447,0.1266279214279544,0.1212301550918719,1.005726549442279,0.8844963943504067,0,,False,1,full,False,0.0,,0,0.0,0.0,0,0.0,0.0,paper-run-baselines-n10_L3-s3,followup,paper-run-baselines-scaling-su2_haar-n10-s3,n10_L3
iris01,su2_haar,AQNG-aligned,4,10,3,90,60,20,0.06,0.003,trace,absolute,8.0,0.25,,4,2,2,0.3394691792384929,0.9333333333333332,0.3509832904238428,0.9333333333333332,379.3532287799999,377.8716820139998,1.4712869060003868,0.0048465159998158,10,20,80,0,0,0,0,False,20.0,14.677351336554294,20.0,11.787262197409817,5.779503308784677,0.3467701985270806,0.3104343760291611,0.902579290399408,0.5921449143702467,20,13334.107986815538,True,1,orientation,False,0.0,0.3529539142303662,0,0.0,0.0,0,0.0,0.0,paper-run-scaling-su2_haar-n10-s4,scaling,,n10_L3
iris01,su2_haar,AQNG-physical,4,10,3,90,60,20,0.06,0.003,trace,absolute,8.0,0.25,,4,2,2,0.394734886459353,0.9111111111111112,0.4335451225598549,0.8666666666666667,390.083128966,388.641907127,1.4303907539998306,0.0051282359999618,10,20,80,0,0,0,0,False,16.0,9.27100091043135,16.0,10.3069234278984,4.558785893788427,0.2735271536273055,0.207878468039683,0.902579290399408,0.6947008223597249,16,2884.9580290577337,True,1,orientation,False,0.0,0.4487941853688316,0,0.0,0.0,0,0.0,0.0,paper-run-scaling-su2_haar-n10-s4,scaling,,n10_L3
iris01,su2_haar,AQNG-random,4,10,3,90,60,20,0.06,0.003,trace,absolute,8.0,0.25,,4,2,2,0.276975456531163,0.9777777777777776,0.3305982168977747,0.9333333333333332,387.5742347120001,386.14470311299976,1.4189409069996373,0.0050329370001236,10,20,80,0,0,0,0,False,20.0,0.3909946677620452,20.0,0.630540917666324,6.6983473463474805,0.4019008407808488,0.3325149596068368,0.902579290399408,0.570064330792571,20,106.41014908984572,True,1,orientation,False,0.0,0.3023137763285869,0,0.0,0.0,0,0.0,0.0,paper-run-scaling-su2_haar-n10-s4,scaling,,n10_L3
iris01,su2_haar,Adam,4,10,3,90,60,20,0.06,0.003,trace,absolute,8.0,0.25,,4,2,2,0.3782705809406599,0.8888888888888888,0.2896521020049034,0.9333333333333332,1.001145629000007,0.0,0.9991184580001118,0.0005054469999095,0,0,80,0,0,0,0,False,,,,,6.985547113004318,0.4191328267802591,0.3539847592982336,0.9025792903994072,0.5485945311011737,0,,False,1,full,False,0.0,,0,0.0,0.0,0,0.0,0.0,paper-run-baselines-n10_L3-s4,followup,paper-run-baselines-scaling-su2_haar-n10-s4,n10_L3
iris01,su2_haar,Full-QNG,4,10,3,90,60,20,0.06,0.003,trace,absolute,8.0,0.25,,4,2,2,0.3817696847323507,0.9333333333333332,0.424169252247739,0.8666666666666667,1519.2173155469998,1517.816887502,1.3897411469997678,0.0048064140003134,10,20,80,0,0,0,0,False,64.0,70.89811990203698,64.0,67.45297129492037,2.175220740050875,0.1305132444030525,0.1171112075372637,0.902579290399408,0.7854680828621441,64,13913.7834554126,True,1,orientation,False,0.0,1.0000000000000002,0,0.0,0.0,0,0.0,0.0,paper-run-scaling-su2_haar-n10-s4,scaling,,n10_L3
iris01,su2_haar,SGD,4,10,3,90,60,20,0.1,0.003,trace,absolute,8.0,0.25,,4,2,2,0.4624209572593782,0.9111111111111112,0.5026575758958178,0.8666666666666667,0.9971726130000036,0.0,0.995303215999968,0.0002442309999537,0,0,80,0,0,0,0,False,,,,,2.924260166756264,0.2924260166756264,0.2620197599987587,0.9025792903994072,0.6405595304006486,0,,False,1,full,False,0.0,,0,0.0,0.0,0,0.0,0.0,paper-run-baselines-n10_L3-s4,followup,paper-run-baselines-scaling-su2_haar-n10-s4,n10_L3
iris01,su2_haar,AQNG-aligned,0,6,5,90,60,20,0.06,0.003,trace,absolute,8.0,0.25,,4,2,2,0.1323185435827046,1.0,0.1135776202631675,1.0,22.68904827300001,21.515537021,1.1628635610000655,0.004960675000035,10,20,80,0,0,0,0,False,12.0,8.238610163992002,12.0,5.0992573748316605,9.621169264365731,0.577270155861944,0.4779494998895212,1.4156893893840354,0.9377398894945144,12,485.6913077768372,True,1,orientation,False,0.0,0.3991377436440656,0,0.0,0.0,0,0.0,0.0,paper-run-depth-su2_haar-L5-s0,depth,,n6_L5
iris01,su2_haar,AQNG-physical,0,6,5,90,60,20,0.06,0.003,trace,absolute,8.0,0.25,,4,2,2,0.2784004197957835,1.0,0.2676237639893318,1.0,22.88175612900001,21.54169814299999,1.3290030149999978,0.0051997420000162,10,20,80,0,0,0,0,False,12.0,4.431955393730383,12.0,7.192803083255315,7.377334104506586,0.4426400462703951,0.3553009248993439,1.4156893893840354,1.0603884644846917,12,288.2144620745417,True,1,orientation,False,0.0,0.4864515953143619,0,0.0,0.0,0,0.0,0.0,paper-run-depth-su2_haar-L5-s0,depth,,n6_L5
iris01,su2_haar,AQNG-random,0,6,5,90,60,20,0.06,0.003,trace,absolute,8.0,0.25,,4,2,2,0.1531086755735111,1.0,0.1424566352837045,1.0,22.65341011000001,21.39613200700001,1.2465334709999922,0.0050549609999848,10,20,80,0,0,0,0,False,12.0,3.814762237938893,12.0,4.75544662108983,9.666113086449524,0.5799667851869714,0.4924236845879222,1.4156893893840354,0.9232657047961133,12,228.4165730521467,True,1,orientation,False,0.0,0.4259357195466228,0,0.0,0.0,0,0.0,0.0,paper-run-depth-su2_haar-L5-s0,depth,,n6_L5
iris01,su2_haar,Adam,0,6,5,90,60,20,0.06,0.003,trace,absolute,8.0,0.25,,4,2,2,0.2100731307289125,1.0,0.1772809310391358,1.0,0.9652649489999874,0.0,0.9627349469999588,0.0006416110000202,0,0,80,0,0,0,0,False,,,,,7.686262345488273,0.4611757407292963,0.4369690908419092,1.415689389384036,0.9787202985421266,0,,False,1,full,False,0.0,,0,0.0,0.0,0,0.0,0.0,paper-run-baselines-n6_L5-s0,followup,paper-run-baselines-depth-su2_haar-L5-s0,n6_L5
iris01,su2_haar,Full-QNG,0,6,5,90,60,20,0.06,0.003,trace,absolute,8.0,0.25,,4,2,2,0.4544409698649536,0.9777777777777776,0.3894966942563403,1.0,1520.663449308,1519.4083199280003,1.244189469999867,0.0049216790002901,10,20,80,0,0,0,0,False,70.0,78.9106990380991,69.0,76.15255616784366,4.158206603519411,0.2494923962111646,0.2149970241474004,1.4156893893840354,1.200692365236635,70,286459.360946875,True,1,orientation,False,0.0,1.0000000000000002,0,0.0,0.0,0,0.0,0.0,paper-run-depth-su2_haar-L5-s0,depth,,n6_L5
iris01,su2_haar,SGD,0,6,5,90,60,20,0.1,0.003,trace,absolute,8.0,0.25,,4,2,2,0.4959635353702634,0.9333333333333332,0.3951879362315723,1.0,0.976422161000002,0.0,0.9739733249999744,0.0003397300000216,0,0,80,0,0,0,0,False,,,,,1.7769777617714262,0.1776977761771426,0.1733951496069725,1.415689389384036,1.242294239777063,0,,False,1,full,False,0.0,,0,0.0,0.0,0,0.0,0.0,paper-run-baselines-n6_L5-s0,followup,paper-run-baselines-depth-su2_haar-L5-s0,n6_L5
iris01,su2_haar,AQNG-aligned,1,6,5,90,60,20,0.06,0.003,trace,absolute,8.0,0.25,,4,2,2,0.1640595564699943,1.0,0.1283334827786675,1.0,28.471831444000003,27.17169266899998,1.290356663999944,0.0044285939999326,10,20,80,0,0,0,0,False,12.0,6.880399184621121,12.0,5.359270350512526,7.759029205178759,0.4655417523107255,0.3385289487964575,0.8746912413537367,0.5361622925572791,12,10.268130123591558,True,1,orientation,False,0.0,0.2148467013689424,0,0.0,0.0,0,0.0,0.0,paper-run-depth-su2_haar-L5-s1,depth,,n6_L5
iris01,su2_haar,AQNG-physical,1,6,5,90,60,20,0.06,0.003,trace,absolute,8.0,0.25,,4,2,2,0.2013091862113367,1.0,0.1936950047804414,1.0,30.1591124,28.663533284,1.4848028270000384,0.0048847570000276,10,20,80,0,0,0,0,False,12.0,6.631372653757855,12.0,7.218990542211088,5.575363927305958,0.3345218356383574,0.2061115424713602,0.8746912413537367,0.6685796988823764,12,21.29557265476889,True,1,orientation,False,0.0,0.3027325303587,0,0.0,0.0,0,0.0,0.0,paper-run-depth-su2_haar-L5-s1,depth,,n6_L5
iris01,su2_haar,AQNG-random,1,6,5,90,60,20,0.06,0.003,trace,absolute,8.0,0.25,,4,2,2,0.1289727803287316,1.0,0.1209140605500078,1.0,29.50471655,28.101890053999995,1.3922012740000156,0.004885884999993,10,20,80,0,0,0,0,False,12.0,3.282324090862453,12.0,3.78793756754017,9.101281968583654,0.5460769181150192,0.4051671162200742,0.8746912413537367,0.4695241251336624,12,9.15371081205428,True,1,orientation,False,0.0,0.1973643121269216,0,0.0,0.0,0,0.0,0.0,paper-run-depth-su2_haar-L5-s1,depth,,n6_L5
iris01,su2_haar,Adam,1,6,5,90,60,20,0.06,0.003,trace,absolute,8.0,0.25,,4,2,2,0.1966792125367105,1.0,0.178432033871834,1.0,1.2553358290000034,0.0,1.252111622999962,0.0007979269999793,0,0,80,0,0,0,0,False,,,,,9.234697252364471,0.5540818351418684,0.4111991380577749,0.8746912413537367,0.4634921032959617,0,,False,1,full,False,0.0,,0,0.0,0.0,0,0.0,0.0,paper-run-baselines-n6_L5-s1,followup,paper-run-baselines-depth-su2_haar-L5-s1,n6_L5
iris01,su2_haar,Full-QNG,1,6,5,90,60,20,0.06,0.003,trace,absolute,8.0,0.25,,4,2,2,0.4367327581522632,0.9555555555555556,0.4451256986625284,0.9333333333333332,1552.099067229,1550.6438169920002,1.445427630999916,0.0043564460002585,10,20,80,0,0,0,0,False,70.0,70.82178707033769,70.0,70.50660125850659,1.997618269983272,0.1198570961989962,0.1311018660073319,0.8746912413537367,0.7435893753464047,70,102391.38081481576,True,1,orientation,False,0.0,1.0000000000000002,0,0.0,0.0,0,0.0,0.0,paper-run-depth-su2_haar-L5-s1,depth,,n6_L5
iris01,su2_haar,SGD,1,6,5,90,60,20,0.1,0.003,trace,absolute,8.0,0.25,,4,2,2,0.3509118567680917,0.9555555555555556,0.3100750363400336,0.9333333333333332,1.274435581000006,0.0,1.271288302000002,0.0003922620000196,0,0,80,0,0,0,0,False,,,,,2.608488490718472,0.2608488490718472,0.2349879212930711,0.8746912413537367,0.6397033200606655,0,,False,1,full,False,0.0,,0,0.0,0.0,0,0.0,0.0,paper-run-baselines-n6_L5-s1,followup,paper-run-baselines-depth-su2_haar-L5-s1,n6_L5
iris01,su2_haar,AQNG-aligned,2,6,5,90,60,20,0.06,0.003,trace,absolute,8.0,0.25,,4,2,2,0.1238247719306093,0.9777777777777776,0.1268049497523386,1.0,29.714038964,28.378831134999984,1.3247804969997787,0.004745865000018,10,20,80,0,0,0,0,False,12.0,5.683735940996024,12.0,5.266567546263638,6.121846277737143,0.3673107766642285,0.3332527222724215,0.8978786833773414,0.5646259611049199,12,47.14882551623125,True,1,orientation,False,0.0,0.1867390068096988,0,0.0,0.0,0,0.0,0.0,paper-run-depth-su2_haar-L5-s2,depth,,n6_L5
iris01,su2_haar,AQNG-physical,2,6,5,90,60,20,0.06,0.003,trace,absolute,8.0,0.25,,4,2,2,0.1219787249649703,1.0,0.1150435496135419,1.0,29.783553077,28.306956853999992,1.4656885299999658,0.0051894629999367,10,20,80,0,0,0,0,False,12.0,6.172033880570739,12.0,6.47063609079318,4.663161190477529,0.2797896714286517,0.2710752103364759,0.8978786833773414,0.6268034730408655,12,79.99633892151866,True,1,orientation,False,0.0,0.2259590612328683,0,0.0,0.0,0,0.0,0.0,paper-run-depth-su2_haar-L5-s2,depth,,n6_L5
iris01,su2_haar,AQNG-random,2,6,5,90,60,20,0.06,0.003,trace,absolute,8.0,0.25,,4,2,2,0.1265155272599749,1.0,0.1154230244869381,1.0,29.592271165000028,28.26109913199994,1.320759580000015,0.0047784980000074,10,20,80,0,0,0,0,False,12.0,4.399813808240088,12.0,3.7906322484648096,6.199376605968017,0.371962596358081,0.3338077180934977,0.8978786833773414,0.5640709652838437,12,28.09222892732727,True,1,orientation,False,0.0,0.1878740316175956,0,0.0,0.0,0,0.0,0.0,paper-run-depth-su2_haar-L5-s2,depth,,n6_L5
iris01,su2_haar,Adam,2,6,5,90,60,20,0.06,0.003,trace,absolute,8.0,0.25,,4,2,2,0.2051127421979482,0.9777777777777776,0.251798552107704,1.0,1.3652127320000034,0.0,1.3627180820000009,0.0006159360000026,0,0,80,0,0,0,0,False,,,,,4.555380263068591,0.2733228157841154,0.2613742513751987,0.8978786833773414,0.6365044320021427,0,,False,1,full,False,0.0,,0,0.0,0.0,0,0.0,0.0,paper-run-baselines-n6_L5-s2,followup,paper-run-baselines-depth-su2_haar-L5-s2,n6_L5
iris01,su2_haar,Full-QNG,2,6,5,90,60,20,0.06,0.003,trace,absolute,8.0,0.25,,4,2,2,0.460989673774681,0.9777777777777776,0.5007748507314816,0.8666666666666667,1546.498534862,1545.0780659170002,1.4104908890003571,0.0044158120006159,10,20,80,0,0,0,0,False,70.0,72.07359257783494,70.0,74.69049546843848,1.1889697456260562,0.0713381847375633,0.0629273153530599,0.8978786833773414,0.8349513680242815,70,20828.705516655915,True,1,orientation,False,0.0,1.0,0,0.0,0.0,0,0.0,0.0,paper-run-depth-su2_haar-L5-s2,depth,,n6_L5
iris01,su2_haar,SGD,2,6,5,90,60,20,0.1,0.003,trace,absolute,8.0,0.25,,4,2,2,0.4493047263079969,1.0,0.4908668409048528,1.0,1.3630219629999942,0.0,1.3606788369999805,0.0002955459999895,0,0,80,0,0,0,0,False,,,,,0.6791156355264822,0.0679115635526482,0.0667506999891019,0.8978786833773414,0.8311279833882395,0,,False,1,full,False,0.0,,0,0.0,0.0,0,0.0,0.0,paper-run-baselines-n6_L5-s2,followup,paper-run-baselines-depth-su2_haar-L5-s2,n6_L5
iris01,su2_haar,AQNG-aligned,3,6,5,90,60,20,0.06,0.003,trace,absolute,8.0,0.25,,4,2,2,0.1503363430894561,1.0,0.1591497703566914,1.0,22.267545152,21.115115359,1.1424942589999318,0.00455380300005,10,20,80,0,0,0,0,False,12.0,4.828316579959491,12.0,3.615002937941597,5.667126997941331,0.3400276198764798,0.3104424717098497,1.180765146846124,0.8703226751362743,12,19.761104868823324,True,1,orientation,False,0.0,0.2314131441444048,0,0.0,0.0,0,0.0,0.0,paper-run-depth-su2_haar-L5-s3,depth,,n6_L5
iris01,su2_haar,AQNG-physical,3,6,5,90,60,20,0.06,0.003,trace,absolute,8.0,0.25,,4,2,2,0.2145113120503302,1.0,0.2058668197572747,1.0,22.643693975999994,21.333273481000035,1.2997292029999985,0.0049530840000073,10,20,80,0,0,0,0,False,12.0,5.051717340561156,12.0,6.007689920392045,4.041349609692769,0.2424809765815661,0.1985815440881734,1.180765146846124,0.9821836027579506,12,39.923420184489935,True,1,orientation,False,0.0,0.2778237599823254,0,0.0,0.0,0,0.0,0.0,paper-run-depth-su2_haar-L5-s3,depth,,n6_L5
iris01,su2_haar,AQNG-random,3,6,5,90,60,20,0.06,0.003,trace,absolute,8.0,0.25,,4,2,2,0.131490861244958,1.0,0.1318501864930669,1.0,22.504181578,21.34853659300002,1.1454134059999603,0.0047076910000072,10,20,80,0,0,0,0,False,12.0,3.851319006533936,12.0,3.928283476534205,5.6458044616388126,0.3387482676983287,0.3283250311337622,1.180765146846124,0.8524401157123618,12,11.814843019426144,True,1,orientation,False,0.0,0.2229507087678299,0,0.0,0.0,0,0.0,0.0,paper-run-depth-su2_haar-L5-s3,depth,,n6_L5
iris01,su2_haar,Adam,3,6,5,90,60,20,0.06,0.003,trace,absolute,8.0,0.25,,4,2,2,0.2096016210633657,1.0,0.1993287393940694,1.0,1.2673105620000058,0.0,1.264044523000024,0.0007974849999925,0,0,80,0,0,0,0,False,,,,,6.132666600776846,0.3679599960466108,0.3429800128589046,1.180765146846124,0.8377851339872193,0,,False,1,full,False,0.0,,0,0.0,0.0,0,0.0,0.0,paper-run-baselines-n6_L5-s3,followup,paper-run-baselines-depth-su2_haar-L5-s3,n6_L5
iris01,su2_haar,Full-QNG,3,6,5,90,60,20,0.06,0.003,trace,absolute,8.0,0.25,,4,2,2,0.393195091865088,1.0,0.3733587000102726,1.0,1497.679158921,1496.3668341640002,1.301957645000357,0.004576596999982,10,20,80,0,0,0,0,False,70.0,77.70553487737241,70.0,74.88225213903608,1.3703083992922918,0.0822185039575375,0.0734405937347937,1.180765146846124,1.1073245531113305,70,91023.19955120792,True,1,orientation,False,0.0,1.0,0,0.0,0.0,0,0.0,0.0,paper-run-depth-su2_haar-L5-s3,depth,,n6_L5
iris01,su2_haar,SGD,3,6,5,90,60,20,0.1,0.003,trace,absolute,8.0,0.25,,4,2,2,0.4497323090333273,1.0,0.4200922435559173,1.0,1.2761472199999844,0.0,1.2730582770000751,0.0004011019999836,0,0,80,0,0,0,0,False,,,,,1.0992057928740555,0.1099205792874055,0.110161019025545,1.180765146846124,1.070604127820579,0,,False,1,full,False,0.0,,0,0.0,0.0,0,0.0,0.0,paper-run-baselines-n6_L5-s3,followup,paper-run-baselines-depth-su2_haar-L5-s3,n6_L5
iris01,su2_haar,AQNG-aligned,4,6,5,90,60,20,0.06,0.003,trace,absolute,8.0,0.25,,4,2,2,0.1678485694913771,1.0,0.1650748577276994,1.0,28.533389164,27.232568979000007,1.291568028000114,0.0040316979999772,10,20,80,0,0,0,0,False,12.0,9.15702302354656,12.0,7.69039730305404,8.002182847994035,0.4801309708796421,0.3856945899098677,0.7840859377609971,0.3983913478511294,12,62.50875664912051,True,1,orientation,False,0.0,0.1377118617095993,0,0.0,0.0,0,0.0,0.0,paper-run-depth-su2_haar-L5-s4,depth,,n6_L5
iris01,su2_haar,AQNG-physical,4,6,5,90,60,20,0.06,0.003,trace,absolute,8.0,0.25,,4,2,2,0.1626262005453453,1.0,0.1341879267625188,1.0,28.501692357,27.094795709000024,1.3972748529999848,0.0042909279999747,10,20,80,0,0,0,0,False,12.0,6.9864400979016,12.0,8.827389504144685,2.794689046859423,0.1676813428115653,-0.0021734186803702,0.7840859377609971,0.7862593564413674,12,40.778540776262,True,1,orientation,False,0.0,0.3251122954047747,0,0.0,0.0,0,0.0,0.0,paper-run-depth-su2_haar-L5-s4,depth,,n6_L5
iris01,su2_haar,AQNG-random,4,6,5,90,60,20,0.06,0.003,trace,absolute,8.0,0.25,,4,2,2,0.1426761596756787,1.0,0.1231723928560342,1.0,28.626919557999983,27.27217224200001,1.34541701900001,0.0040381739999446,10,20,80,0,0,0,0,False,12.0,3.454746567573641,12.0,4.675767485083912,9.209711443615042,0.5525826866169025,0.4314423445676461,0.7840859377609971,0.352643593193351,12,25.102624877788543,True,1,orientation,False,0.0,0.1264923722978127,0,0.0,0.0,0,0.0,0.0,paper-run-depth-su2_haar-L5-s4,depth,,n6_L5
iris01,su2_haar,Adam,4,6,5,90,60,20,0.06,0.003,trace,absolute,8.0,0.25,,4,2,2,0.1536447374116402,1.0,0.1143971840758776,1.0,1.212801767000002,0.0,1.210089254000053,0.0006952189999935,0,0,80,0,0,0,0,False,,,,,8.359178367433863,0.5015507020460318,0.3998375896895498,0.7840859377609971,0.3842483480714473,0,,False,1,full,False,0.0,,0,0.0,0.0,0,0.0,0.0,paper-run-baselines-n6_L5-s4,followup,paper-run-baselines-depth-su2_haar-L5-s4,n6_L5
iris01,su2_haar,Full-QNG,4,6,5,90,60,20,0.06,0.003,trace,absolute,8.0,0.25,,4,2,2,0.2373175987193444,1.0,0.2312974077378933,1.0,1544.249412654,1542.8559190929998,1.3840208249996522,0.0040763350002634,10,20,80,0,0,0,0,False,70.0,75.32805537171481,70.0,70.25621847289705,1.257983825167737,0.0754790295100642,0.0638601029741499,0.7840859377609971,0.7202258347868472,70,30998.53945545421,True,1,orientation,False,0.0,1.0,0,0.0,0.0,0,0.0,0.0,paper-run-depth-su2_haar-L5-s4,depth,,n6_L5
iris01,su2_haar,SGD,4,6,5,90,60,20,0.1,0.003,trace,absolute,8.0,0.25,,4,2,2,0.2271014662870305,1.0,0.2197738622174685,1.0,1.2149417219999918,0.0,1.2124149330000478,0.0003366249999317,0,0,80,0,0,0,0,False,,,,,2.657651448445205,0.2657651448445205,0.2435040433359658,0.7840859377609971,0.5405818944250312,0,,False,1,full,False,0.0,,0,0.0,0.0,0,0.0,0.0,paper-run-baselines-n6_L5-s4,followup,paper-run-baselines-depth-su2_haar-L5-s4,n6_L5
iris01,su2_haar,AQNG-aligned,0,8,3,72,60,20,0.06,0.003,trace,absolute,8.0,0.25,,4,2,2,0.1953376886109764,0.9777777777777776,0.1790436875225424,1.0,67.61184017899998,66.35480243500015,1.2491636939999466,0.0036591350000492,10,20,80,0,0,0,0,False,16.0,9.047636273933543,16.0,4.659900735465616,8.010647379084283,0.4806388427450569,0.4202785401656742,1.3918163920425242,0.97153785187685,16,3546.602772647626,True,1,orientation,False,0.0,0.3315351080912134,0,0.0,0.0,0,0.0,0.0,paper-run-scaling-su2_haar-n8-s0,scaling,,n8_L3
iris01,su2_haar,AQNG-physical,0,8,3,72,60,20,0.06,0.003,trace,absolute,8.0,0.25,,4,2,2,0.2148584799287731,1.0,0.1811233291597027,1.0,68.93334554999998,67.925515808,0.9992610319999926,0.0039715789999519,10,20,80,0,0,0,0,False,14.0,5.462989856226065,14.0,4.572993696925938,6.310815474578769,0.3786489284747261,0.3426678335660551,1.3918163920425242,1.049148558476469,14,2201.6140994346497,True,1,orientation,False,0.0,0.4080041212110391,0,0.0,0.0,0,0.0,0.0,paper-run-scaling-su2_haar-n8-s0,scaling,,n8_L3
iris01,su2_haar,AQNG-random,0,8,3,72,60,20,0.06,0.003,trace,absolute,8.0,0.25,,4,2,2,0.2889296304825934,0.9555555555555556,0.2262730364781002,1.0,67.804911726,66.81462283699994,0.9823296049999612,0.0036869279999507,10,20,80,0,0,0,0,False,16.0,0.9788151771127932,16.0,1.6365522821750456,7.3037997293552435,0.4382279837613146,0.3682092896070239,1.3918163920425242,1.0236071024355002,16,767.3743513593384,True,1,orientation,False,0.0,0.4101954452361804,0,0.0,0.0,0,0.0,0.0,paper-run-scaling-su2_haar-n8-s0,scaling,,n8_L3
iris01,su2_haar,Adam,0,8,3,72,60,20,0.06,0.003,trace,absolute,8.0,0.25,,4,2,2,0.1397867371064776,1.0,0.1325586372086076,1.0,1.2698229519999984,0.0,1.266619922999979,0.0008019330000763,0,0,80,0,0,0,0,False,,,,,5.181629521285618,0.3108977712771371,0.3155622399353284,1.3918163920425242,1.0762541521071958,0,,False,1,full,False,0.0,,0,0.0,0.0,0,0.0,0.0,paper-run-baselines-n8_L3-s0,followup,paper-run-baselines-scaling-su2_haar-n8-s0,n8_L3
iris01,su2_haar,Full-QNG,0,8,3,72,60,20,0.06,0.003,trace,absolute,8.0,0.25,,4,2,2,0.5927368395400113,0.8888888888888888,0.5404814176362844,0.9333333333333332,627.6035149639999,626.468852991,1.125542838999877,0.0041546039998934,10,20,80,0,0,0,0,False,52.0,58.62195199992881,51.0,58.12782264253342,3.196115240256335,0.1917669144153801,0.178723386942919,1.3918163920425242,1.2130930050996052,52,159489.5365512415,True,1,orientation,False,0.0,1.0,0,0.0,0.0,0,0.0,0.0,paper-run-scaling-su2_haar-n8-s0,scaling,,n8_L3
iris01,su2_haar,SGD,0,8,3,72,60,20,0.1,0.003,trace,absolute,8.0,0.25,,4,2,2,0.4735786133312238,0.9555555555555556,0.4408367572545816,1.0,1.2692384540000037,0.0,1.2663250460000484,0.0003619809999975,0,0,80,0,0,0,0,False,,,,,2.3215420397567144,0.2321542039756714,0.2293732165928623,1.3918163920425242,1.1624431754496618,0,,False,1,full,False,0.0,,0,0.0,0.0,0,0.0,0.0,paper-run-baselines-n8_L3-s0,followup,paper-run-baselines-scaling-su2_haar-n8-s0,n8_L3
iris01,su2_haar,AQNG-aligned,1,8,3,72,60,20,0.06,0.003,trace,absolute,8.0,0.25,,4,2,2,0.1401066664693467,1.0,0.126438986416481,1.0,57.01675787200003,56.04654991700005,0.962889903999951,0.0034901479998552,10,20,80,0,0,0,0,False,16.0,9.613501666862106,16.0,7.641682878121252,6.4176085043591975,0.3850565102615518,0.3954274582442647,1.6812570057039524,1.2858295474596877,16,1245.5592367161994,True,1,orientation,False,0.0,0.1924537636207984,0,0.0,0.0,0,0.0,0.0,paper-run-scaling-su2_haar-n8-s1,scaling,,n8_L3
iris01,su2_haar,AQNG-physical,1,8,3,72,60,20,0.06,0.003,trace,absolute,8.0,0.25,,4,2,2,0.1323095530854674,1.0,0.1249815101027539,1.0,57.98802264099999,57.21392898200011,0.7668966159999968,0.0032729289998769,10,20,80,0,0,0,0,False,14.0,7.638609331160963,14.0,8.047149821186947,4.121867690919159,0.2473120614551495,0.2534524314142961,1.6812570057039524,1.4278045742896563,14,173.3938912438633,True,1,orientation,False,0.0,0.2367838896608981,0,0.0,0.0,0,0.0,0.0,paper-run-scaling-su2_haar-n8-s1,scaling,,n8_L3
iris01,su2_haar,AQNG-random,1,8,3,72,60,20,0.06,0.003,trace,absolute,8.0,0.25,,4,2,2,0.1527831400747193,1.0,0.1234455254323209,1.0,59.10677734999996,58.30992520799998,0.7896645060000651,0.0033385739998266,10,20,80,0,0,0,0,False,16.0,1.173361248572259,16.0,1.2658425867809675,6.864124303756308,0.4118474582253785,0.4091073024991616,1.6812570057039524,1.2721497032047908,16,61.43926385898848,True,1,orientation,False,0.0,0.1645567265603517,0,0.0,0.0,0,0.0,0.0,paper-run-scaling-su2_haar-n8-s1,scaling,,n8_L3
iris01,su2_haar,Adam,1,8,3,72,60,20,0.06,0.003,trace,absolute,8.0,0.25,,4,2,2,0.2941542456845688,0.9777777777777776,0.2611081363828339,1.0,1.1771194640000004,0.0,1.1741551650000446,0.000756114000012,0,0,80,0,0,0,0,False,,,,,8.127275244575053,0.4876365146745031,0.4535415667743905,1.6812570057039524,1.227715438929562,0,,False,1,full,False,0.0,,0,0.0,0.0,0,0.0,0.0,paper-run-baselines-n8_L3-s1,followup,paper-run-baselines-scaling-su2_haar-n8-s1,n8_L3
iris01,su2_haar,Full-QNG,1,8,3,72,60,20,0.06,0.003,trace,absolute,8.0,0.25,,4,2,2,0.7834867544243097,0.7333333333333333,0.6410424381041547,0.8,458.831593911,458.025787723,0.7981392589999814,0.0034116389998644,10,20,80,0,0,0,0,False,52.0,53.21738997782613,52.0,53.36965256241675,1.715736816343288,0.1029442089805972,0.1017267389281273,1.6812570057039524,1.579530266775825,52,51894.12165861163,True,1,orientation,False,0.0,1.0,0,0.0,0.0,0,0.0,0.0,paper-run-scaling-su2_haar-n8-s1,scaling,,n8_L3
iris01,su2_haar,SGD,1,8,3,72,60,20,0.1,0.003,trace,absolute,8.0,0.25,,4,2,2,0.4323351868075455,0.9111111111111112,0.3441219014029772,1.0,1.200117444,0.0,1.197232743000015,0.0003815780000024,0,0,80,0,0,0,0,False,,,,,3.8014725385555184,0.3801472538555518,0.3738286904235373,1.6812570057039524,1.3074283152804151,0,,False,1,full,False,0.0,,0,0.0,0.0,0,0.0,0.0,paper-run-baselines-n8_L3-s1,followup,paper-run-baselines-scaling-su2_haar-n8-s1,n8_L3
iris01,su2_haar,AQNG-aligned,2,8,3,72,60,20,0.06,0.003,trace,absolute,8.0,0.25,,4,2,2,0.2101146615242984,0.9777777777777776,0.2531802936945367,1.0,74.22335213000002,72.76854348899997,1.4456546570001478,0.0041960349999499,10,20,80,0,0,0,0,False,16.0,7.828258597658698,16.0,7.042928186182847,3.7572540465692943,0.2254352427941576,0.1806192899454526,0.9311618181852742,0.7505425282398216,16,1461.6018665855042,True,1,orientation,False,0.0,0.3821543515145839,0,0.0,0.0,0,0.0,0.0,paper-run-scaling-su2_haar-n8-s2,scaling,,n8_L3
iris01,su2_haar,AQNG-physical,2,8,3,72,60,20,0.06,0.003,trace,absolute,8.0,0.25,,4,2,2,0.2950771196397536,0.9555555555555556,0.3102907481757919,0.9333333333333332,74.546519498,73.50498773799998,1.0322203689999725,0.0043210570000269,10,20,80,0,0,0,0,False,14.0,6.957034877988239,14.0,6.243530480195203,2.6634458985141354,0.1598067539108481,0.1687902952728875,0.9311618181852742,0.7623715229123866,14,2856.432542108545,True,1,orientation,False,0.0,0.5441812946839122,0,0.0,0.0,0,0.0,0.0,paper-run-scaling-su2_haar-n8-s2,scaling,,n8_L3
iris01,su2_haar,AQNG-random,2,8,3,72,60,20,0.06,0.003,trace,absolute,8.0,0.25,,4,2,2,0.3444066203784513,0.9555555555555556,0.3109342169233979,0.9333333333333332,74.16491593999999,73.13600870099992,1.0199772019999784,0.0041465870000649,10,20,80,0,0,0,0,False,16.0,1.2378910784752135,16.0,1.1798878750720034,3.963380344902621,0.2378028206941572,0.244327073955029,0.9311618181852742,0.6868347442302452,16,316.78886591925635,True,1,orientation,False,0.0,0.3709750500277801,0,0.0,0.0,0,0.0,0.0,paper-run-scaling-su2_haar-n8-s2,scaling,,n8_L3
iris01,su2_haar,Adam,2,8,3,72,60,20,0.06,0.003,trace,absolute,8.0,0.25,,4,2,2,0.1881647944453729,1.0,0.1826971601069929,1.0,1.1786907399999933,0.0,1.1759090999999984,0.0007335239999974,0,0,80,0,0,0,0,False,,,,,3.217223556015884,0.193033413360953,0.1591886431960204,0.9311618181852742,0.7719731749892538,0,,False,1,full,False,0.0,,0,0.0,0.0,0,0.0,0.0,paper-run-baselines-n8_L3-s2,followup,paper-run-baselines-scaling-su2_haar-n8-s2,n8_L3
iris01,su2_haar,Full-QNG,2,8,3,72,60,20,0.06,0.003,trace,absolute,8.0,0.25,,4,2,2,0.546829595102329,0.9555555555555556,0.5792431716373319,0.9333333333333332,641.2737529589999,640.2565528090001,1.0079147569999805,0.0040495320001809,10,20,80,0,0,0,0,False,52.0,53.9718126774236,52.0,54.28000833212853,1.5046318049216,0.0902779082952959,0.0973836341549446,0.9311618181852742,0.8337781840303295,52,15089.726760326592,True,1,orientation,False,0.0,1.0,0,0.0,0.0,0,0.0,0.0,paper-run-scaling-su2_haar-n8-s2,scaling,,n8_L3
iris01,su2_haar,SGD,2,8,3,72,60,20,0.1,0.003,trace,absolute,8.0,0.25,,4,2,2,0.7286137818678775,0.7333333333333333,0.7435264813699506,0.6666666666666666,1.176502343999999,0.0,1.1737944039999777,0.0003625229999926,0,0,80,0,0,0,0,False,,,,,0.6177827139481196,0.0617782713948119,0.0589308946006054,0.9311618181852742,0.8722309235846688,0,,False,1,full,False,0.0,,0,0.0,0.0,0,0.0,0.0,paper-run-baselines-n8_L3-s2,followup,paper-run-baselines-scaling-su2_haar-n8-s2,n8_L3
iris01,su2_haar,AQNG-aligned,3,8,3,72,60,20,0.06,0.003,trace,absolute,8.0,0.25,,4,2,2,0.1024578564082398,1.0,0.1081719193190042,1.0,87.87550260199998,86.47987407699992,1.3877887769998551,0.0035173369998915,10,20,80,0,0,0,0,False,16.0,5.5355393875005,16.0,5.601766672114884,8.301687549012787,0.4981012529407672,0.4993701102026897,1.6260255447184386,1.126655434515749,16,251.85266889309185,True,1,orientation,False,0.0,0.1957922325238802,0,0.0,0.0,0,0.0,0.0,paper-run-scaling-su2_haar-n8-s3,scaling,,n8_L3
iris01,su2_haar,AQNG-physical,3,8,3,72,60,20,0.06,0.003,trace,absolute,8.0,0.25,,4,2,2,0.2001348051913142,1.0,0.2010405491250385,1.0,88.18771706999999,87.052513122,1.1271448319999706,0.0036062299999741,10,20,80,0,0,0,0,False,14.0,6.059967833701202,14.0,5.141894735370427,3.2803638880312027,0.1968218332818721,0.2486043534401225,1.6260255447184386,1.377421191278316,14,264.38614494077024,True,1,orientation,False,0.0,0.3363512710658577,0,0.0,0.0,0,0.0,0.0,paper-run-scaling-su2_haar-n8-s3,scaling,,n8_L3
iris01,su2_haar,AQNG-random,3,8,3,72,60,20,0.06,0.003,trace,absolute,8.0,0.25,,4,2,2,0.2089038179078031,0.9777777777777776,0.2373855319439498,0.9333333333333332,88.235811939,87.11589297700002,1.1120815839999525,0.003518799000119,10,20,80,0,0,0,0,False,16.0,0.8111050095051857,16.0,0.977688338049738,7.196151941933083,0.431769116515985,0.4249898014612181,1.6260255447184386,1.2010357432572203,16,42.70940612176272,True,1,orientation,False,0.0,0.189380070904076,0,0.0,0.0,0,0.0,0.0,paper-run-scaling-su2_haar-n8-s3,scaling,,n8_L3
iris01,su2_haar,Adam,3,8,3,72,60,20,0.06,0.003,trace,absolute,8.0,0.25,,4,2,2,0.3304860035052094,0.9777777777777776,0.3017111226283168,1.0,1.167314988000001,0.0,1.1645876529999557,0.000659728999949,0,0,80,0,0,0,0,False,,,,,5.154731464273083,0.309283887856385,0.306983525644974,1.6260255447184386,1.3190420190734646,0,,False,1,full,False,0.0,,0,0.0,0.0,0,0.0,0.0,paper-run-baselines-n8_L3-s3,followup,paper-run-baselines-scaling-su2_haar-n8-s3,n8_L3
iris01,su2_haar,Full-QNG,3,8,3,72,60,20,0.06,0.003,trace,absolute,8.0,0.25,,4,2,2,0.427774354668078,0.9777777777777776,0.4316691158586228,1.0,656.980045107,655.8571617289999,1.1147416290000365,0.0034715910001068,10,20,80,0,0,0,0,False,52.0,58.23011870694004,52.0,57.51213397034145,1.787025121866177,0.1072215073119706,0.1122671043812455,1.6260255447184386,1.513758440337193,52,732.1517078148809,True,1,orientation,False,0.0,1.0000000000000002,0,0.0,0.0,0,0.0,0.0,paper-run-scaling-su2_haar-n8-s3,scaling,,n8_L3
iris01,su2_haar,SGD,3,8,3,72,60,20,0.1,0.003,trace,absolute,8.0,0.25,,4,2,2,0.3552281931472459,1.0,0.3234873315736672,1.0,1.164096597000011,0.0,1.1615808730000197,0.0003142739999759,0,0,80,0,0,0,0,False,,,,,1.951909157583283,0.1951909157583283,0.1942852695078136,1.6260255447184386,1.431740275210625,0,,False,1,full,False,0.0,,0,0.0,0.0,0,0.0,0.0,paper-run-baselines-n8_L3-s3,followup,paper-run-baselines-scaling-su2_haar-n8-s3,n8_L3
iris01,su2_haar,AQNG-aligned,4,8,3,72,60,20,0.06,0.003,trace,absolute,8.0,0.25,,4,2,2,0.1786976170439527,1.0,0.1719767037753279,1.0,87.64500755900002,86.258454615,1.378750015000037,0.0035036919999811,10,20,80,0,0,0,0,False,16.0,9.493570911419816,16.0,7.291319460232312,5.775306517051597,0.3465183910230958,0.3529727262806126,1.30197893594535,0.9490062096647374,16,2309.4980522235724,True,1,orientation,False,0.0,0.2501787025539478,0,0.0,0.0,0,0.0,0.0,paper-run-scaling-su2_haar-n8-s4,scaling,,n8_L3
iris01,su2_haar,AQNG-physical,4,8,3,72,60,20,0.06,0.003,trace,absolute,8.0,0.25,,4,2,2,0.3685241163385895,0.9333333333333332,0.3709444672548612,0.8666666666666667,88.30604265899998,87.195294974,1.1029397649999169,0.0034528459999592,10,20,80,0,0,0,0,False,14.0,6.887939496966552,14.0,7.805046344016059,3.2045711689340486,0.1922742701360429,0.1476330212940022,1.30197893594535,1.1543459146513475,14,8508.368888151175,True,1,orientation,False,0.0,0.3832742147696003,0,0.0,0.0,0,0.0,0.0,paper-run-scaling-su2_haar-n8-s4,scaling,,n8_L3
iris01,su2_haar,AQNG-random,4,8,3,72,60,20,0.06,0.003,trace,absolute,8.0,0.25,,4,2,2,0.2065903973467834,0.9777777777777776,0.1500457550045614,1.0,87.65184978999997,86.55159495899991,1.0925738689999775,0.0034404240001322,10,20,80,0,0,0,0,False,16.0,1.12740636558311,16.0,1.0075777878631298,9.68524871514473,0.5811149229086838,0.4950293920424825,1.30197893594535,0.8069495439028674,16,168.31426599311828,True,1,orientation,False,0.0,0.1553757549659361,0,0.0,0.0,0,0.0,0.0,paper-run-scaling-su2_haar-n8-s4,scaling,,n8_L3
iris01,su2_haar,Adam,4,8,3,72,60,20,0.06,0.003,trace,absolute,8.0,0.25,,4,2,2,0.3361042180685208,0.9777777777777776,0.2776910031859966,1.0,1.162844100000001,0.0,1.160335914999976,0.0006226179999799,0,0,80,0,0,0,0,False,,,,,7.641896458719227,0.4585137875231536,0.4030856143420809,1.30197893594535,0.8988933216032691,0,,False,1,full,False,0.0,,0,0.0,0.0,0,0.0,0.0,paper-run-baselines-n8_L3-s4,followup,paper-run-baselines-scaling-su2_haar-n8-s4,n8_L3
iris01,su2_haar,Full-QNG,4,8,3,72,60,20,0.06,0.003,trace,absolute,8.0,0.25,,4,2,2,0.2850353465362586,0.9555555555555556,0.1885734932912703,1.0,658.138654491,656.9637823429999,1.1669411999993144,0.0034037259996466,10,20,80,0,0,0,0,False,52.0,56.3188401762101,52.0,53.31744200541367,1.611759463481693,0.0967055678089015,0.0972994099534789,1.30197893594535,1.204679525991871,52,15787.751145907972,True,1,orientation,False,0.0,1.0,0,0.0,0.0,0,0.0,0.0,paper-run-scaling-su2_haar-n8-s4,scaling,,n8_L3
iris01,su2_haar,SGD,4,8,3,72,60,20,0.1,0.003,trace,absolute,8.0,0.25,,4,2,2,0.3348577499044794,1.0,0.273311984780668,1.0,1.173700537000002,0.0,1.1711106309999906,0.0003285659999789,0,0,80,0,0,0,0,False,,,,,3.048127898362355,0.3048127898362355,0.2811986266295976,1.30197893594535,1.0207803093157524,0,,False,1,full,False,0.0,,0,0.0,0.0,0,0.0,0.0,paper-run-baselines-n8_L3-s4,followup,paper-run-baselines-scaling-su2_haar-n8-s4,n8_L3
